{
  "tracker_right_map_dungshuf": {
    "type": "container",
    "background": "#212121",
    "content": {
      "type": "dock",
      "dropshadow": true,
      "content": [
        {
          "type": "dock",
          "dock": "left",
          "v_alignment": "stretch",
          "margin": "0,0,3,0",
          "content": [
            {
              "type": "group",
              "header": "Items",
              "dock": "top",
              "content": {
                "type": "layout",
                "key": "item_grid_dungshuf"
              }
            },
            {
              "type": "group",
              "header": "Pinned Locations",
              "content": {
                "type": "recentpins",
                "style": "wrap",
                "width": 300,
                "h_alignment": "stretch",
                "v_alignment": "stretch",
                "orientation": "vertical",
                "compact": true
              }
            }
          ]
        },
        {
          "type": "dock",
          "content": [
            {
              "type": "tabbed",
              "dock": "top",
              "tabs": [
                {
                  "title": "Sky",
                  "icon": "images/map.png",
                  "content": {
                    "type": "map",
                    "maps": [
                      "sky"
                    ]
                  }
                },
                {
                  "title": "Overworld",
                  "icon": "images/map.png",
                  "content": {
                    "type": "map",
                    "maps": [
                      "overworld"
                    ]
                  }
                },
                {
                  "title": "Settings",
                  "icon": "images/settings.png",
                  "content": {
                    "type": "tabbed",
                    "tabs": [
                      {
                        "title": "Options",
                        "content": {
                          "type": "layout",
                          "key": "options"
                        }
                      },
                      {
                        "title": "Tricks",
                        "content": {
                          "type": "layout",
                          "key": "tricks"
                        }
                      }
                    ]
                  }
                }
              ]
            }
          ]
        }
      ]
    }
  },
  "tracker_top_map_dungshuf": {
    "type": "container",
    "background": "#212121",
    "content": {
      "type": "dock",
      "dropshadow": true,
      "content": [
        {
          "type": "dock",
          "dock": "bottom",
          "content": [
            {
              "type": "dock",
              "dock": "left",
              "margin": "0,0,3,0",
              "content": [
                {
                  "type": "group",
                  "header": "Items",
                  "dock": "left",
                  "content": {
                    "type": "layout",
                    "key": "item_grid_dungshuf"
                  }
                }
              ]
            },
            {
              "type": "group",
              "header": "Pinned Locations",
              "content": {
                "type": "recentpins",
                "h_alignment": "stretch",
                "v_alignment": "stretch",
                "orientation": "horizontal",
                "compact": true
              }
            }
          ]
        },
        {
          "type": "tabbed",
          "tabs": [
            {
              "title": "Sky",
              "icon": "images/map.png",
              "content": {
                "type": "map",
                "maps": [
                  "sky"
                ]
              }
            },
            {
              "title": "Overworld",
              "icon": "images/map.png",
              "content": {
                "type": "map",
                "maps": [
                  "overworld"
                ]
              }
            },
            {
              "title": "Settings",
              "icon": "images/settings.png",
              "content": {
                "type": "tabbed",
                "tabs": [
                  {
                    "title": "Options",
                    "content": {
                      "type": "layout",
                      "key": "options"
                    }
                  },
                  {
                    "title": "Tricks",
                    "content": {
                      "type": "layout",
                      "key": "tricks"
                    }
                  }
                ]
              }
            }
          ]
        }
      ]
    }
  }
}