[
  {
    "name": "World",
    "chest_unopened_img": "images/chestb.png",
    "chest_opened_img": "images/chestb_gray.png",
    "children": [
      {
        "name": "Skyview Temple",
        "access_rules": [
          "$skyview_acc"
        ],
        "color": "#006400",
        "sections": [
          {
            "name": "Map Chest",
            "item_count": 1,
            "access_rules": [
              "$skyview_high"
            ],
            "visibility_rules": [
              "op_dung_on,op_race_off",
              "op_dung_on,op_race_on,sv_r"
            ]
          },
          {
            "name": "Small Key Digspot",
            "item_count": 1,
            "access_rules": [
              "$skyview_left,$skyview_first,mitts,wds"
            ],
            "visibility_rules": [
              "op_dung_on,op_race_off",
              "op_dung_on,op_race_on,sv_r"
            ],
            "chest_unopened_img": "images/smallkey.png",
            "chest_opened_img": "images/smallkey_gray.png"
          },
          {
            "name": "Behind Two Eyes",
            "item_count": 1,
            "access_rules": [
              "$skyview_first,$skyview_high,ps"
            ],
            "visibility_rules": [
              "op_dung_on,op_race_off",
              "op_dung_on,op_race_on,sv_r"
            ]
          },
          {
            "name": "Beetle Chest",
            "item_count": 1,
            "access_rules": [
              "skyviewsk:1,ps,sling",
              "skyviewsk:1,ps,cs",
              "skyviewsk:1,ps,beetle",
              "skyviewsk:1,ps,bow",
              "skyviewsk:1,wds,bombs,sling",
              "skyviewsk:1,wds,bombs,cs",
              "skyviewsk:1,wds,bombs,beetle",
              "skyviewsk:1,wds,bombs,bow"
            ],
            "visibility_rules": [
              "op_dung_on,op_race_off",
              "op_dung_on,op_race_on,sv_r"
            ]
          },
          {
            "name": "Behind Bars in Hub",
            "item_count": 1,
            "access_rules": [
              "$skyview_first,beetle,skyviewsk:1",
              "$skyview_first,whip,[beetle],skyviewsk:1"
            ],
            "visibility_rules": [
              "op_dung_on,op_race_off",
              "op_dung_on,op_race_on,sv_r"
            ],
            "capture_item": true,
            "chest_unopened_img": "images/hp.png",
            "chest_opened_img": "images/hp_gray.png"
          },
          {
            "name": "Behind Three Eyes",
            "item_count": 1,
            "access_rules": [
              "$skyview_first,beetle,skyviewsk:1,ps"
            ],
            "visibility_rules": [
              "op_dung_on,op_race_off",
              "op_dung_on,op_race_on,sv_r"
            ]
          },
          {
            "name": "Near Boss Door",
            "item_count": 1,
            "access_rules": [
              "$skyview_first,skyviewsk:2,gs",
              "$skyview_first,skyviewsk:2,hook",
              "$skyview_first,skyviewsk:2,bow"
            ],
            "visibility_rules": [
              "op_dung_on,op_race_off",
              "op_dung_on,op_race_on,sv_r"
            ],
            "chest_unopened_img": "images/chestw.png",
            "chest_opened_img": "images/chestw_gray.png"
          },
          {
            "name": "Boss Key Chest",
            "item_count": 1,
            "access_rules": [
              "$skyview_first,skyviewsk:2,gs",
              "$skyview_first,skyviewsk:2,hook",
              "$skyview_first,skyviewsk:2,bow"
            ],
            "visibility_rules": [
              "op_dung_on,op_race_off",
              "op_dung_on,op_race_on,sv_r"
            ],
            "chest_unopened_img": "images/chestbk.png",
            "chest_opened_img": "images/chestbk_gray.png"
          },
          {
            "name": "Skyview Heart Container",
            "item_count": 1,
            "access_rules": [
              "$skyview_first,skyviewbk,skyviewsk:2,gs",
              "$skyview_first,skyviewbk,skyviewsk:2,hook,ps",
              "$skyview_first,skyviewbk,skyviewsk:2,bow,ps"
            ],
            "visibility_rules": [
              "op_dung_on,op_race_off",
              "op_dung_on,op_race_on,sv_r"
            ],
            "chest_unopened_img": "images/hc.png",
            "chest_opened_img": "images/hc_gray.png"
          }
        ],
        "map_locations": [
          {
            "map": "overworld",
            "size": 15,
            "x": 390,
            "y": 110
          }
        ]
      },
      {
        "name": "Skyview Spring",
        "parent": "Skyview Temple",
        "color": "006400",
        "access_rules": [
          "$skyview_first,skyviewbk,skyviewsk:2,gs"
        ],
        "visibility_rules": [
          "op_dung_on,op_race_off",
          "op_dung_on,op_race_on,sv_r"
        ],
        "sections": [
          {
            "name": "Ruby Tablet",
            "item_count": 1,
            "visibility_rules": [
              "op_dung_on,op_race_off",
              "op_dung_on,op_race_on,sv_r"
            ],
            "chest_unopened_img": "images/tab_rb.png",
            "chest_opened_img": "images/tab_rb_gray.png"
          },
          {
            "name": "Cube: Skyview Spring",
            "hosted_item": "cube_SVS",
            "access_rules": [
              "$cube_svs"
            ],
            "visibility_rules": [
              "op_gc_on,op_dung_on,op_race_off",
              "op_gc_on,op_dung_on,op_race_on,sv_r"
            ]
          }
        ],
        "map_locations": [
          {
            "map": "overworld",
            "x": 410,
            "y": 90
          }
        ]
      },
      {
        "name": "Earth Temple",
        "access_rules": [
          "$earth_acc"
        ],
        "color": "#dc143c",
        "sections": [
          {
            "name": "First Chest",
            "item_count": 1,
            "access_rules": [
              "mitts"
            ],
            "visibility_rules": [
              "op_dung_on,op_race_off",
              "op_dung_on,op_race_on,et_r"
            ]
          },
          {
            "name": "Behind Boulder",
            "item_count": 1,
            "access_rules": [
              "$earth_bridge"
            ],
            "visibility_rules": [
              "op_dung_on,op_race_off",
              "op_dung_on,op_race_on,et_r"
            ],
            "chest_unopened_img": "images/chestw.png",
            "chest_opened_img": "images/chestw_gray.png"
          },
          {
            "name": "After Boulder",
            "item_count": 1,
            "access_rules": [
              "$earth_bridge"
            ],
            "visibility_rules": [
              "op_dung_on,op_race_off",
              "op_dung_on,op_race_on,et_r"
            ],
            "chest_unopened_img": "images/chestw.png",
            "chest_opened_img": "images/chestw_gray.png"
          },
          {
            "name": "Map Chest",
            "item_count": 1,
            "access_rules": [
              "$earth_bridge,bombs",
              "$earth_bridge,hook"
            ],
            "visibility_rules": [
              "op_dung_on,op_race_off",
              "op_dung_on,op_race_on,et_r"
            ]
          },
          {
            "name": "Bomb Bag",
            "item_count": 1,
            "access_rules": [
              "$earth_bridge,$lizalfos"
            ],
            "visibility_rules": [
              "op_dung_on,op_race_off",
              "op_dung_on,op_race_on,et_r"
            ]
          },
          {
            "name": "Ledd Bombs",
            "item_count": 1,
            "access_rules": [
              "$earth_bridge,$lizalfos"
            ],
            "visibility_rules": [
              "op_dung_on,op_race_off",
              "op_dung_on,op_race_on,et_r"
            ],
            "chest_unopened_img": "images/bombs.png",
            "chest_opened_img": "images/bombs_gray.png"
          },
          {
            "name": "Lizalfos Chest",
            "item_count": 1,
            "access_rules": [
              "$earth_bridge,hook",
              "$earth_bridge,bombs,beetle"
            ],
            "visibility_rules": [
              "op_dung_on,op_race_off",
              "op_dung_on,op_race_on,et_r"
            ]
          },
          {
            "name": "Boss Key Chest",
            "item_count": 1,
            "access_rules": [
              "$earth_bridge,hook",
              "$earth_bridge,bombs,beetle,mitts"
            ],
            "visibility_rules": [
              "op_dung_on,op_race_off",
              "op_dung_on,op_race_on,et_r"
            ],
            "chest_unopened_img": "images/chestbk.png",
            "chest_opened_img": "images/chestbk_gray.png"
          },
          {
            "name": "Earth Heart Container",
            "item_count": 1,
            "access_rules": [
              "bombs,hook,earthbk,ps",
              "bombs,beetle,mitts,earthbk,ps"
            ],
            "visibility_rules": [
              "op_dung_on,op_race_off",
              "op_dung_on,op_race_on,et_r"
            ],
            "chest_unopened_img": "images/hc.png",
            "chest_opened_img": "images/hc_gray.png"
          }
        ],
        "map_locations": [
          {
            "map": "overworld",
            "size": 15,
            "x": 255,
            "y": 60
          }
        ]
      },
      {
        "name": "Earth Spring",
        "parent": "Earth Temple",
        "access_rules": [
          "bombs,hook,earthbk,gs",
          "bombs,beetle,mitts,earthbk,gs"
        ],
        "color": "#dc143c",
        "sections": [
          {
            "name": "Amber Tablet",
            "item_count": 1,
            "visibility_rules": [
              "op_dung_on,op_race_off",
              "op_dung_on,op_race_on,et_r"
            ],
            "chest_unopened_img": "images/tab_am.png",
            "chest_opened_img": "images/tab_am_gray.png"
          }
        ],
        "map_locations": [
          {
            "map": "overworld",
            "x": 240,
            "y": 50
          }
        ]
      },
      {
        "name": "Lanayru Mining Facility",
        "access_rules": [
          "$mine_acc"
        ],
        "color": "#cd853f",
        "sections": [
          {
            "name": "Behind Bars",
            "item_count": 1,
            "visibility_rules": [
              "op_dung_on,op_race_off",
              "op_dung_on,op_race_on,lmf_r"
            ],
            "chest_unopened_img": "images/chestw.png",
            "chest_opened_img": "images/chestw_gray.png"
          },
          {
            "name": "First Hub Chest",
            "item_count": 1,
            "access_rules": [
              "hook"
            ],
            "visibility_rules": [
              "op_dung_on,op_race_off",
              "op_dung_on,op_race_on,lmf_r"
            ]
          },
          {
            "name": "Chest Behind Locked Door",
            "item_count": 1,
            "access_rules": [
              "minesk:1,hook"
            ],
            "visibility_rules": [
              "op_dung_on,op_race_off",
              "op_dung_on,op_race_on,lmf_r"
            ],
            "chest_unopened_img": "images/chestw.png",
            "chest_opened_img": "images/chestw_gray.png"
          },
          {
            "name": "Bellows Room Chests",
            "item_count": 2,
            "access_rules": [
              "minesk:1,hook"
            ],
            "visibility_rules": [
              "op_dung_on,op_race_off",
              "op_dung_on,op_race_on,lmf_r"
            ]
          },
          {
            "name": "First West Room",
            "item_count": 1,
            "access_rules": [
              "hook,bellows"
            ],
            "visibility_rules": [
              "op_dung_on,op_race_off",
              "op_dung_on,op_race_on,lmf_r"
            ]
          },
          {
            "name": "Map Chest",
            "item_count": 1,
            "access_rules": [
              "hook,bellows,ps,$mine_crystal"
            ],
            "visibility_rules": [
              "op_dung_on,op_race_off",
              "op_dung_on,op_race_on,lmf_r"
            ]
          },
          {
            "name": "First Crawlspace",
            "item_count": 1,
            "access_rules": [
              "hook,bellows,ps,$mine_crystal"
            ],
            "visibility_rules": [
              "op_dung_on,op_race_off",
              "op_dung_on,op_race_on,lmf_r"
            ],
            "chest_unopened_img": "images/chestw.png",
            "chest_opened_img": "images/chestw_gray.png"
          },
          {
            "name": "Dust Maze Chest",
            "item_count": 1,
            "access_rules": [
              "hook,bellows,ps,$mine_crystal"
            ],
            "visibility_rules": [
              "op_dung_on,op_race_off",
              "op_dung_on,op_race_on,lmf_r"
            ],
            "chest_unopened_img": "images/chestw.png",
            "chest_opened_img": "images/chestw_gray.png"
          },
          {
            "name": "Boss Key Chest",
            "item_count": 1,
            "access_rules": [
              "hook,bellows,bombs,ps,$mine_crystal"
            ],
            "visibility_rules": [
              "op_dung_on,op_race_off",
              "op_dung_on,op_race_on,lmf_r"
            ],
            "chest_unopened_img": "images/chestbk.png",
            "chest_opened_img": "images/chestbk_gray.png"
          },
          {
            "name": "Chest After Boss Key Chest",
            "item_count": 1,
            "access_rules": [
              "hook,bellows,bombs,ps,$mine_crystal"
            ],
            "visibility_rules": [
              "op_dung_on,op_race_off",
              "op_dung_on,op_race_on,lmf_r"
            ],
            "chest_unopened_img": "images/chestw.png",
            "chest_opened_img": "images/chestw_gray.png"
          },
          {
            "name": "Facility Heart Container",
            "item_count": 1,
            "access_rules": [
              "hook,bellows,minebk,ps,$mine_crystal"
            ],
            "visibility_rules": [
              "op_dung_on,op_race_off",
              "op_dung_on,op_race_on,lmf_r"
            ],
            "chest_unopened_img": "images/hc.png",
            "chest_opened_img": "images/hc_gray.png"
          }
        ],
        "map_locations": [
          {
            "map": "overworld",
            "size": 15,
            "x": 170,
            "y": 140
          }
        ]
      },
      {
        "name": "Temple of Time",
        "color": "#cd853f",
        "sections": [
          {
            "name": "Goddess Harp",
            "item_count": 1,
            "access_rules": [
              "hook,bellows,minebk,ps,$mine_crystal"
            ],
            "visibility_rules": [
              "op_dung_on,op_race_off",
              "op_dung_on,op_race_on,lmf_r"
            ],
            "chest_unopened_img": "images/harp.png",
            "chest_opened_img": "images/harp_gray.png"
          },
          {
            "name": "Cube: Temple of Time",
            "hosted_item": "cube_ToT",
            "access_rules": [
               "$cube_tot"
            ],
            "visibility_rules": [
              "op_gc_on"
            ]
          }
        ],
        "map_locations": [
          {
            "map": "overworld",
            "x": 115,
            "y": 135
          }
            ]
          },
      {
        "name": "Ancient Cistern",
        "access_rules": [
          "$cistern_acc"
        ],
        "color": "#c71585",
        "sections": [
          {
            "name": "Small Key Chest",
            "item_count": 1,
            "access_rules": [
              "wds,ps"
            ],
            "visibility_rules": [
              "op_dung_on,op_race_off",
              "op_dung_on,op_race_on,ac_r"
            ]
          },
          {
            "name": "Whip",
            "item_count": 1,
            "access_rules": [
              "cisternsk:1,[cisternsk:2],ps",
              "cisternsk:1,[cisternsk:2],$cistern_statue"
            ],
            "visibility_rules": [
              "op_dung_on,op_race_off",
              "op_dung_on,op_race_on,ac_r"
            ]
          },
          {
            "name": "Map Chest",
            "item_count": 1,
            "access_rules": [
              "whip"
            ],
            "visibility_rules": [
              "op_dung_on,op_race_off",
              "op_dung_on,op_race_on,ac_r"
            ]
          },
          {
            "name": "Vines Chest",
            "item_count": 1,
            "access_rules": [
              "$cistern_statue"
            ],
            "visibility_rules": [
              "op_dung_on,op_race_off",
              "op_dung_on,op_race_on,ac_r"
            ],
            "chest_unopened_img": "images/chestw.png",
            "chest_opened_img": "images/chestw_gray.png"
          },
          {
            "name": "Behind Waterfall",
            "item_count": 1,
            "access_rules": [
              "wds,whip"
            ],
            "visibility_rules": [
              "op_dung_on,op_race_off",
              "op_dung_on,op_race_on,ac_r"
            ],
            "chest_unopened_img": "images/chestw.png",
            "chest_opened_img": "images/chestw_gray.png"
          },
          {
            "name": "Bokoblin",
            "item_count": 1,
            "access_rules": [
              "wds,whip,bow",
              "wds,whip,beetle"
            ],
            "visibility_rules": [
              "op_dung_on,op_race_off",
              "op_dung_on,op_race_on,ac_r"
            ],
            "chest_unopened_img": "images/smallkey.png",
            "chest_opened_img": "images/smallkey_gray.png"
          },
          {
            "name": "Boss Key Chest",
            "item_count": 1,
            "access_rules": [
              "$cistern_statue,cs",
              "$cistern_statue,hook"
            ],
            "visibility_rules": [
              "op_dung_on,op_race_off",
              "op_dung_on,op_race_on,ac_r"
            ],
            "chest_unopened_img": "images/chestbk.png",
            "chest_opened_img": "images/chestbk_gray.png"
          },
          {
            "name": "Cistern Heart Container",
            "item_count": 1,
            "access_rules": [
              "whip,cisternbk,cs,$koloktos",
              "whip,cisternbk,cisternsk:1,[cisternsk:2],$koloktos"
            ],
            "visibility_rules": [
              "op_dung_on,op_race_off",
              "op_dung_on,op_race_on,ac_r"
            ],
            "chest_unopened_img": "images/hc.png",
            "chest_opened_img": "images/hc_gray.png"
          },
          {
            "name": "Farore's Flame",
            "item_count": 1,
            "access_rules": [
              "whip,cisternbk,cs,gs",
              "whip,cisternbk,cisternsk:1,[cisternsk:2],gs"
            ],
            "visibility_rules": [
              "op_dung_on,op_race_off",
              "op_dung_on,op_race_on,ac_r"
            ],
            "chest_unopened_img": "images/sword_long_.png",
            "chest_opened_img": "images/sword_long__gray.png"
          }
        ],
        "map_locations": [
          {
            "map": "overworld",
            "size": 15,
            "x": 350,
            "y": 220
          }
        ]
      },
      {
        "name": "Sandship",
        "access_rules": [
          "$sandship_acc"
        ],
        "color": "#f4a460",
        "sections": [
          {
            "name": "Behind Combination Lock",
            "item_count": 1,
            "access_rules": [
              "ps,bombs,[bellows]",
              "ps,sling,[bellows]",
              "ps,bow",
              "gs,[bellows]"
            ],
            "visibility_rules": [
              "op_dung_on,op_race_off",
              "op_dung_on,op_race_on,ss_r"
            ]
          },
          {
            "name": "Bow",
            "item_count": 1,
            "access_rules": [
              "shipsk:1,[shipsk:2],ps"
            ],
            "visibility_rules": [
              "op_dung_on,op_race_off",
              "op_dung_on,op_race_on,ss_r"
            ]
          },
          {
            "name": "Heart Piece Chest",
            "item_count": 1,
            "access_rules": [
              "bow,cs"
            ],
            "visibility_rules": [
              "op_dung_on,op_race_off",
              "op_dung_on,op_race_on,ss_r"
            ]
          },
          {
            "name": "Map Chest",
            "item_count": 1,
            "access_rules": [
              "bow,ps",
              "bow,shipsk:1,[shipsk:2]"
            ],
            "visibility_rules": [
              "op_dung_on,op_race_off",
              "op_dung_on,op_race_on,ss_r"
            ]
          },
          {
            "name": "Treasure Room",
            "item_count": 5,
            "access_rules": [
              "bow,whip,ps"
            ],
            "visibility_rules": [
              "op_dung_on,op_race_off",
              "op_dung_on,op_race_on,ss_r"
            ]
          },
          {
            "name": "Brig Robot",
            "item_count": 1,
            "access_rules": [
              "bow,whip,ps"
            ],
            "visibility_rules": [
              "op_dung_on,op_race_off",
              "op_dung_on,op_race_on,ss_r"
            ]
          },
          {
            "name": "Boss Key Chest",
            "item_count": 1,
            "access_rules": [
              "bow,shipsk:1,[shipsk:2]"
            ],
            "visibility_rules": [
              "op_dung_on,op_race_off",
              "op_dung_on,op_race_on,ss_r"
            ],
            "chest_unopened_img": "images/chestbk.png",
            "chest_opened_img": "images/chestbk_gray.png"
          },
          {
            "name": "Sandship Heart Container",
            "item_count": 1,
            "access_rules": [
              "bow,shipbk,ps",
              "bow,shipbk,shipsk:1,[shipsk:2]"
            ],
            "visibility_rules": [
              "op_dung_on,op_race_off",
              "op_dung_on,op_race_on,ss_r"
            ],
            "chest_unopened_img": "images/hc.png",
            "chest_opened_img": "images/hc_gray.png"
          },
          {
            "name": "Nayru's Flame",
            "item_count": 1,
            "access_rules": [
              "bow,shipbk,gs"
            ],
            "visibility_rules": [
              "op_dung_on,op_race_off",
              "op_dung_on,op_race_on,ss_r"
            ],
            "chest_unopened_img": "images/sword_white_.png",
            "chest_opened_img": "images/sword_white__gray.png"
          }
        ],
        "map_locations": [
          {
            "map": "overworld",
            "size": 15,
            "x": 60,
            "y": 170
          }
        ]
      },
      {
        "name": "Fire Sanctuary",
        "access_rules": [
          "$sanc_acc"
        ],
        "color": "#cd5c5c",
        "sections": [
          {
            "name": "First Room",
            "item_count": 1,
            "access_rules": [
              "$sanc_pods,$bokoblin"
            ],
            "visibility_rules": [
              "op_dung_on,op_race_off",
              "op_dung_on,op_race_on,fs_r"
            ]
          },
          {
            "name": "After Outside Section",
            "item_count": 1,
            "access_rules": [
              "$sanc_pods,sancsk:1,$bokoblin"
            ],
            "visibility_rules": [
              "op_dung_on,op_race_off",
              "op_dung_on,op_race_on,fs_r"
            ],
            "chest_unopened_img": "images/chestw.png",
            "chest_opened_img": "images/chestw_gray.png"
          },
          {
            "name": "Second Small Key",
            "item_count": 1,
            "access_rules": [
              "hook,bellows,sancsk:1,$lizalfos",
              "hook,cs,sancsk:1,$lizalfos"
            ],
            "visibility_rules": [
              "op_dung_on,op_race_off",
              "op_dung_on,op_race_on,fs_r"
            ]
          },
          {
            "name": "Water Pod Room",
            "item_count": 2,
            "access_rules": [
              "hook,sancsk:2,$lizalfos"
            ],
            "visibility_rules": [
              "op_dung_on,op_race_off",
              "op_dung_on,op_race_on,fs_r"
            ]
          },
          {
            "name": "Mogma Mitts",
            "item_count": 1,
            "access_rules": [
              "hook,sancsk:2,ps"
            ],
            "visibility_rules": [
              "op_dung_on,op_race_off",
              "op_dung_on,op_race_on,fs_r"
            ],
            "chest_unopened_img": "images/mitts_mogma.png",
            "chest_opened_img": "images/mitts_mogma_gray.png"
          },
          {
            "name": "Sanc Bottle",
            "item_count": 1,
            "access_rules": [
              "$sanc_pods,sancsk:1,mogma,ps"
            ],
            "visibility_rules": [
              "op_dung_on,op_race_off",
              "op_dung_on,op_race_on,fs_r"
            ]
          },
          {
            "name": "Map Chest",
            "item_count": 1,
            "access_rules": [
              "hook,cs,sancsk:2,mogma,bellows,ps"
            ],
            "visibility_rules": [
              "op_dung_on,op_race_off",
              "op_dung_on,op_race_on,fs_r"
            ]
          },
          {
            "name": "Third Small Key",
            "item_count": 1,
            "access_rules": [
              "hook,cs,sancsk:2,mogma,bellows,bombs,ps"
            ],
            "visibility_rules": [
              "op_dung_on,op_race_off",
              "op_dung_on,op_race_on,fs_r"
            ]
          },
          {
            "name": "Plats Chest",
            "item_count": 1,
            "access_rules": [
              "hook,sancsk:3,mogma,ps"
            ],
            "visibility_rules": [
              "op_dung_on,op_race_off",
              "op_dung_on,op_race_on,fs_r"
            ]
          },
          {
            "name": "Staircase Room",
            "item_count": 1,
            "access_rules": [
              "hook,cs,sancsk:3,mogma,ps"
            ],
            "visibility_rules": [
              "op_dung_on,op_race_off",
              "op_dung_on,op_race_on,fs_r"
            ]
          },
          {
            "name": "Boss Key Chest",
            "item_count": 1,
            "access_rules": [
              "hook,cs,sancsk:3,mogma,ps"
            ],
            "visibility_rules": [
              "op_dung_on,op_race_off",
              "op_dung_on,op_race_on,fs_r"
            ],
            "chest_unopened_img": "images/chestbk.png",
            "chest_opened_img": "images/chestbk_gray.png"
          },
          {
            "name": "Sanctuary Heart Container",
            "item_count": 1,
            "access_rules": [
              "hook,sancsk:3,mogma,sancbk,ps"
            ],
            "visibility_rules": [
              "op_dung_on,op_race_off",
              "op_dung_on,op_race_on,fs_r"
            ],
            "chest_unopened_img": "images/hc.png",
            "chest_opened_img": "images/hc_gray.png"
          },
          {
            "name": "Din's Flame",
            "item_count": 1,
            "access_rules": [
              "hook,sancsk:3,mogma,sancbk,gs"
            ],
            "visibility_rules": [
              "op_dung_on,op_race_off",
              "op_dung_on,op_race_on,fs_r"
            ],
            "chest_unopened_img": "images/sword_master_.png",
            "chest_opened_img": "images/sword_master__gray.png"
          }
        ],
        "map_locations": [
          {
            "map": "overworld",
            "size": 15,
            "x": 325,
            "y": 35
          }
        ]
      },
      {
        "name": "Skykeep",
        "access_rules": [
          "$skykeep_acc"
        ],
        "color": "#00008b",
        "sections": [
          {
            "name": "Map Chest",
            "item_count": 1,
            "visibility_rules": [
              "op_dung_on"
            ]
          },
          {
            "name": "Small Key Chest",
            "item_count": 1,
            "access_rules": [
              "bellows,whip,bow,cs,ps"
            ],
            "visibility_rules": [
              "op_dung_on"
            ]
          }
        ],
        "map_locations": [
          {
            "map": "sky",
            "size": 40,
            "x": 1000,
            "y": 600
          }
        ]
      },
      {
        "name": "Sealed Grounds",
        "access_rules": [
          "$demise"
        ],
        "color": "#800080",
        "sections": [
          {
            "name": "Defeat Demise",
            "hosted_item": "demise"
          }
        ],
        "map_locations": [
          {
            "map": "overworld",
            "size": 17,
            "x": 265,
            "y": 200
          }
        ]
      }
    ]
  }
]