[
  {
    "name": "World",
    "chest_unopened_img": "images/chestb.png",
    "chest_opened_img": "images/chestb_gray.png",
    "children": [
      {
        "name": "Skyview Temple",
        "access_rules": [
          "$skyview_acc"
        ],
        "color": "#006400",
        "sections": [
          {
            "name": "Map Chest",
            "item_count": 1,
            "access_rules": [
              "$skyview_first,[$skyview_left]"
            ],
            "visibility_rules": [
              "op_faron,op_dung,$notrace",
              "op_faron,op_dung,op_race,sv_r"
            ]
          },
          {
            "name": "Small Key Digspot",
            "item_count": 1,
            "access_rules": [
              "$skyview_first,$skyview_high,mitts,[wds]"
            ],
            "visibility_rules": [
              "op_faron,op_dung,$notrace,op_dig",
              "op_faron,op_dung,op_race,sv_r,op_dig"
            ],
            "chest_unopened_img": "images/smallkey.png",
            "chest_opened_img": "images/smallkey_gray.png"
          },
          {
            "name": "Behind Two Eyes",
            "item_count": 1,
            "access_rules": [
              "$skyview_first,$skyview_high,ps"
            ],
            "visibility_rules": [
              "op_faron,op_dung,$notrace",
              "op_faron,op_dung,op_race,sv_r"
            ]
          },
          {
            "name": "Beetle Chest",
            "item_count": 1,
            "access_rules": [
              "skyviewsk:1,ps,sling",
              "skyviewsk:1,ps,cs",
              "skyviewsk:1,ps,beetle",
              "skyviewsk:1,ps,bow",
              "skyviewsk:1,wds,bombs,sling",
              "skyviewsk:1,wds,bombs,cs",
              "skyviewsk:1,wds,bombs,beetle",
              "skyviewsk:1,wds,bombs,bow",
              "[skyviewsk:1],ps,sling,t_bit",
              "[skyviewsk:1],ps,cs,t_bit",
              "[skyviewsk:1],ps,beetle,t_bit",
              "[skyviewsk:1],ps,bow,t_bit",
              "[skyviewsk:1],wds,bombs,sling,t_bit",
              "[skyviewsk:1],wds,bombs,cs,t_bit",
              "[skyviewsk:1],wds,bombs,beetle,t_bit",
              "[skyviewsk:1],wds,bombs,bow,t_bit"
            ],
            "visibility_rules": [
              "op_faron,op_dung,$notrace",
              "op_faron,op_dung,op_race,sv_r"
            ]
          },
          {
            "name": "Behind Bars in Hub",
            "item_count": 1,
            "access_rules": [
              "$skyview_first,beetle,skyviewsk:1",
              "$skyview_first,whip,[beetle],skyviewsk:1",
              "$skyview_first,slingshot,[beetle],skyviewsk:1,t_trickshot",
              "$skyview_first,slingshot,[beetle],[skyviewsk:1],t_trickshot,t_bit",
              "$skyview_first,whip,[beetle],[skyviewsk:1],t_bit"
            ],
            "visibility_rules": [
              "op_faron,op_dung,$notrace",
              "op_faron,op_dung,op_race,sv_r"
            ],
            "capture_item": true,
            "chest_unopened_img": "images/hp.png",
            "chest_opened_img": "images/hp_gray.png"
          },
          {
            "name": "Behind Three Eyes",
            "item_count": 1,
            "access_rules": [
              "$skyview_first,beetle,skyviewsk:1,ps",
              "$skyview_first,beetle,[skyviewsk:1],ps,t_bit"
            ],
            "visibility_rules": [
              "op_faron,op_dung,$notrace",
              "op_faron,op_dung,op_race,sv_r"
            ]
          },
          {
            "name": "Near Boss Door",
            "item_count": 1,
            "access_rules": [
              "$skyview_first,skyviewsk:2,gs,op_hero",
              "$skyview_first,skyviewsk:2,hook",
              "$skyview_first,skyviewsk:2,bow",
              "$skyview_first,skyviewsk:2,ts",
              "$skyview_first,[skyviewsk:2],gs,op_hero,t_bit",
              "$skyview_first,[skyviewsk:2],hook,t_bit",
              "$skyview_first,[skyviewsk:2],bow,t_bit",
              "$skyview_first,[skyviewsk:2],ts,t_bit"
            ],
            "visibility_rules": [
              "op_faron,op_dung,$notrace",
              "op_faron,op_dung,op_race,sv_r"
            ],
            "chest_unopened_img": "images/chestw.png",
            "chest_opened_img": "images/chestw_gray.png"
          },
          {
            "name": "Boss Key Chest",
            "item_count": 1,
            "access_rules": [
              "$skyview_first,skyviewsk:2,gs,op_hero",
              "$skyview_first,skyviewsk:2,hook",
              "$skyview_first,skyviewsk:2,bow",
              "$skyview_first,skyviewsk:2,ts",
              "$skyview_first,[skyviewsk:2],gs,op_hero,t_bit",
              "$skyview_first,[skyviewsk:2],hook,t_bit",
              "$skyview_first,[skyviewsk:2],bow,t_bit",
              "$skyview_first,[skyviewsk:2],ts,t_bit"
            ],
            "visibility_rules": [
              "op_faron,op_dung,$notrace",
              "op_faron,op_dung,op_race,sv_r"
            ],
            "chest_unopened_img": "images/chestbk.png",
            "chest_opened_img": "images/chestbk_gray.png"
          },
          {
            "name": "Skyview Heart Container",
            "item_count": 1,
            "access_rules": [
              "$skyview_first,skyviewbk,skyviewsk:2,gs,op_hero",
              "$skyview_first,skyviewbk,skyviewsk:2,hook,ps",
              "$skyview_first,skyviewbk,skyviewsk:2,bow,ps",
              "$skyview_first,skyviewbk,skyviewsk:2,ts",
              "$skyview_first,skyviewbk,[skyviewsk:2],gs,op_hero,t_bit",
              "$skyview_first,skyviewbk,[skyviewsk:2],hook,t_bit",
              "$skyview_first,skyviewbk,[skyviewsk:2],bow,t_bit",
              "$skyview_first,skyviewbk,[skyviewsk:2],ts,t_bit"
            ],
            "visibility_rules": [
              "op_faron,op_dung,$notrace",
              "op_faron,op_dung,op_race,sv_r"
            ],
            "chest_unopened_img": "images/hc.png",
            "chest_opened_img": "images/hc_gray.png"
          }
        ],
        "map_locations": [
          {
            "map": "overworld",
            "size": 15,
            "x": 390,
            "y": 110
          }
        ]
      },
      {
        "name": "Skyview Spring",
        "parent": "Skyview Temple",
        "color": "006400",
        "access_rules": [
          "$skyview_first,skyviewbk,skyviewsk:2,gs,op_hero",
          "$skyview_first,skyviewbk,skyviewsk:2,gs,hb",
          "$skyview_first,skyviewbk,skyviewsk:2,gs,bow",
          "$skyview_first,skyviewbk,skyviewsk:2,ts",
          "$skyview_first,skyviewbk,[skyviewsk:2],gs,op_hero,t_bit",
          "$skyview_first,skyviewbk,[skyviewsk:2],gs,hb,t_bit",
          "$skyview_first,skyviewbk,[skyviewsk:2],gs,bow,t_bit",
          "$skyview_first,skyviewbk,[skyviewsk:2],ts,t_bit"
        ],
        "sections": [
          {
            "name": "Ruby Tablet",
            "item_count": 1,
            "visibility_rules": [
              "op_faron,op_dung,$notrace",
              "op_faron,op_dung,op_race,sv_r"
            ],
            "chest_unopened_img": "images/tab_rb.png",
            "chest_opened_img": "images/tab_rb_gray.png"
          },
          {
            "name": "Cube: Skyview Spring",
            "hosted_item": "cube_SVS",
            "access_rules": [
              "$cube_svs"
            ],
            "visibility_rules": [
              "op_sky,op_cube,op_cube_fw,op_dung,$notrace",
              "op_sky,op_cube,op_cube_fw,op_dung,op_race,sv_r"
            ]
          }
        ],
        "map_locations": [
          {
            "map": "overworld",
            "x": 410,
            "y": 90
          }
        ]
      },
      {
        "name": "Earth Temple",
        "access_rules": [
          "$earth_acc"
        ],
        "color": "#dc143c",
        "sections": [
          {
            "name": "First Chest",
            "item_count": 1,
            "access_rules": [
              "mitts"
            ],
            "visibility_rules": [
              "op_eldin,op_dung,$notrace,op_dig",
              "op_eldin,op_dung,op_race,et_r,op_dig"
            ],
            "chest_unopened_img": "images/chestw.png",
            "chest_opened_img": "images/chestw_gray.png"
          },
          {
            "name": "Boulder Room",
            "item_count": 2,
            "access_rules": [
              "$earth_bridge"
            ],
            "visibility_rules": [
              "op_eldin,op_dung,$notrace",
              "op_eldin,op_dung,op_race,et_r"
            ]
          },
          {
            "name": "Bomb Bag",
            "item_count": 1,
            "access_rules": [
              "$earth_bridge,$lizalfos"
            ],
            "visibility_rules": [
              "op_eldin,op_dung,$notrace",
              "op_eldin,op_dung,op_race,et_r"
            ]
          },
          {
            "name": "Ledd Bombs",
            "item_count": 1,
            "access_rules": [
              "$earth_bridge,$lizalfos"
            ],
            "visibility_rules": [
              "op_eldin,op_dung,$notrace",
              "op_eldin,op_dung,op_race,et_r"
            ],
            "chest_unopened_img": "images/bombs.png",
            "chest_opened_img": "images/bombs_gray.png"
          },
          {
            "name": "Map Chest",
            "item_count": 1,
            "access_rules": [
              "$earth_bridge,bombs",
              "$earth_bridge,hook"
            ],
            "visibility_rules": [
              "op_eldin,op_dung,$notrace",
              "op_eldin,op_dung,op_race,et_r"
            ]
          },
          {
            "name": "Lizalfos Chest",
            "item_count": 1,
            "access_rules": [
              "$earth_bridge,hook",
              "$earth_bridge,bombs,beetle",
              "$earth_bridge,[hook],t_bit"
            ],
            "visibility_rules": [
              "op_eldin,op_dung,$notrace",
              "op_eldin,op_dung,op_race,et_r"
            ],
            "chest_unopened_img": "images/chestw.png",
            "chest_opened_img": "images/chestw_gray.png"
          },
          {
            "name": "Boss Key Chest",
            "item_count": 1,
            "access_rules": [
              "$earth_bridge,hook",
              "$earth_bridge,bombs,beetle,mitts",
              "$earth_bridge,[hook],t_bit",
              "$earth_bridge,[hook],t_etstut"
            ],
            "visibility_rules": [
              "op_eldin,op_dung,$notrace",
              "op_eldin,op_dung,op_race,et_r"
            ],
            "chest_unopened_img": "images/chestbk.png",
            "chest_opened_img": "images/chestbk_gray.png"
          },
          {
            "name": "Earth Heart Container",
            "item_count": 1,
            "access_rules": [
              "bombs,hook,earthbk,ps",
              "bombs,beetle,mitts,earthbk,ps",
              "[bombs],hook,earthbk,$strike,t_scal",
              "[bombs],beetle,mitts,earthbk,$strike,t_scal",
              "[bombs],[hook],earthbk,$strike,t_etstut,t_scal"
            ],
            "visibility_rules": [
              "op_eldin,op_dung,$notrace",
              "op_eldin,op_dung,op_race,et_r"
            ],
            "chest_unopened_img": "images/hc.png",
            "chest_opened_img": "images/hc_gray.png"
          }
        ],
        "map_locations": [
          {
            "map": "overworld",
            "size": 15,
            "x": 255,
            "y": 60
          }
        ]
      },
      {
        "name": "Earth Spring",
        "parent": "Earth Temple",
        "access_rules": [
          "bombs,hook,earthbk,ps",
          "bombs,beetle,mitts,earthbk,gs",
          "[bombs],hook,earthbk,gs,t_scal",
          "[bombs],[beetle],[mitts],earthbk,gs,t_etstut,t_scal",
          "[bombs],beetle,mitts,earthbk,gs,t_scal"
        ],
        "color": "#dc143c",
        "sections": [
          {
            "name": "Amber Tablet",
            "item_count": 1,
            "visibility_rules": [
              "op_eldin,op_dung,$notrace",
              "op_eldin,op_dung,op_race,et_r"
            ],
            "chest_unopened_img": "images/tab_am.png",
            "chest_opened_img": "images/tab_am_gray.png"
          }
        ],
        "map_locations": [
          {
            "map": "overworld",
            "x": 240,
            "y": 50
          }
        ]
      },
      {
        "name": "Lanayru Mining Facility",
        "access_rules": [
          "$mine_acc"
        ],
        "color": "#cd853f",
        "sections": [
          {
            "name": "Behind Bars",
            "item_count": 1,
            "visibility_rules": [
              "op_lanayru,op_dung,$notrace",
              "op_lanayru,op_dung,op_race,lmf_r"
            ],
            "chest_unopened_img": "images/chestw.png",
            "chest_opened_img": "images/chestw_gray.png"
          },
          {
            "name": "First Hub Chest",
            "item_count": 1,
            "access_rules": [
              "hook",
              "[hook],whip"
            ],
            "visibility_rules": [
              "op_lanayru,op_dung,$notrace",
              "op_lanayru,op_dung,op_race,lmf_r"
            ]
          },
          {
            "name": "Chest Behind Locked Door",
            "item_count": 1,
            "access_rules": [
              "minesk:1,hook",
              "minesk:1,[hook],whip"
            ],
            "visibility_rules": [
              "op_lanayru,op_dung,$notrace",
              "op_lanayru,op_dung,op_race,lmf_r"
            ],
            "chest_unopened_img": "images/chestw.png",
            "chest_opened_img": "images/chestw_gray.png"
          },
          {
            "name": "Bellows Room Chests",
            "item_count": 2,
            "access_rules": [
              "minesk:1,hook",
              "minesk:1,[hook],whip",
              "[minesk:1],hook,t_bit",
              "[minesk:1],[hook],whip,t_bit"
            ],
            "visibility_rules": [
              "op_lanayru,op_dung,$notrace",
              "op_lanayru,op_dung,op_race,lmf_r"
            ]
          },
          {
            "name": "First West Room",
            "item_count": 1,
            "access_rules": [
              "hook,bellows",
              "[hook],whip,bellows"
            ],
            "visibility_rules": [
              "op_lanayru,op_dung,$notrace",
              "op_lanayru,op_dung,op_race,lmf_r"
            ]
          },
          {
            "name": "Map Chest",
            "item_count": 1,
            "access_rules": [
              "hook,bellows,ps,$mine_crystal",
              "[hook],whip,bellows,ps,$mine_crystal",
              "hook,[bellows],ps,$mine_crystal,t_bit",
              "[hook],whip,[bellows],ps,$mine_crystal,t_bit"
            ],
            "visibility_rules": [
              "op_lanayru,op_dung,$notrace",
              "op_lanayru,op_dung,op_race,lmf_r"
            ]
          },
          {
            "name": "First Crawlspace",
            "item_count": 1,
            "access_rules": [
              "hook,bellows,ps,$mine_crystal",
              "[hook],whip,bellows,ps,$mine_crystal"
            ],
            "visibility_rules": [
              "op_lanayru,op_dung,$notrace",
              "op_lanayru,op_dung,op_race,lmf_r"
            ]
          },
          {
            "name": "Dust Maze Chest",
            "item_count": 1,
            "access_rules": [
              "hook,bellows,ps,$mine_crystal",
              "[hook],whip,bellows,ps,$mine_crystal"
            ],
            "visibility_rules": [
              "op_lanayru,op_dung,$notrace",
              "op_lanayru,op_dung,op_race,lmf_r"
            ],
            "chest_unopened_img": "images/chestw.png",
            "chest_opened_img": "images/chestw_gray.png"
          },
          {
            "name": "Boss Key Chest",
            "item_count": 1,
            "access_rules": [
              "hook,bellows,bombs,ps,$mine_crystal",
              "[hook],whip,bellows,bombs,ps,$mine_crystal"
            ],
            "visibility_rules": [
              "op_lanayru,op_dung,$notrace",
              "op_lanayru,op_dung,op_race,lmf_r"
            ],
            "chest_unopened_img": "images/chestbk.png",
            "chest_opened_img": "images/chestbk_gray.png"
          },
          {
            "name": "Chest After Boss Key Chest",
            "item_count": 1,
            "access_rules": [
              "hook,bellows,bombs,ps,$mine_crystal",
              "[hook],whip,bellows,bombs,ps,$mine_crystal"
            ],
            "visibility_rules": [
              "op_lanayru,op_dung,$notrace",
              "op_lanayru,op_dung,op_race,lmf_r"
            ],
            "chest_unopened_img": "images/chestw.png",
            "chest_opened_img": "images/chestw_gray.png"
          },
          {
            "name": "Facility Heart Container",
            "item_count": 1,
            "access_rules": [
              "hook,bellows,minebk,ps,$mine_crystal",
              "[hook],whip,bellows,minebk,ps,$mine_crystal",
              "hook,bellows,minebk,ps,$mine_crystal,t_bit",
              "[hook],whip,[bellows],minebk,ps,$mine_crystal,t_bit"
            ],
            "visibility_rules": [
              "op_lanayru,op_dung,$notrace",
              "op_lanayru,op_dung,op_race,lmf_r"
            ],
            "chest_unopened_img": "images/hc.png",
            "chest_opened_img": "images/hc_gray.png"
          },
          {
            "name": "Goddess Harp",
            "item_count": 1,
            "access_rules": [
              "hook,[bellows],minebk,ps,$mine_crystal",
              "[hook],whip,[bellows],minebk,ps,$mine_crystal",
              "hook,bellows,minebk,ps,$mine_crystal,t_bit",
              "[hook],whip,[bellows],minebk,ps,$mine_crystal,t_bit"
            ],
            "visibility_rules": [
              "op_lanayru,op_dung,$notrace",
              "op_lanayru,op_dung,op_race,lmf_r"
            ],
            "chest_unopened_img": "images/harp.png",
            "chest_opened_img": "images/harp_gray.png"
          }
        ],
        "map_locations": [
          {
            "map": "overworld",
            "size": 15,
            "x": 170,
            "y": 140
          }
        ]
      },
      {
        "name": "Temple of Time",
        "color": "#cd853f",
        "sections": [
          {
            "name": "Cube: Temple of Time",
            "hosted_item": "cube_ToT",
            "access_rules": [
               "$cube_tot"
            ],
            "visibility_rules": [
              "op_sky,op_cube,op_cube_ld,op_combat"
            ]
          }
        ],
        "map_locations": [
              {
                "map": "overworld",
                "x": 115,
                "y": 135
              }
            ]
          },
      {
        "name": "Ancient Cistern",
        "access_rules": [
          "$cistern_acc"
        ],
        "color": "#c71585",
        "sections": [
          {
            "name": "Small Key Chest",
            "item_count": 1,
            "access_rules": [
              "wds,ps"
            ],
            "visibility_rules": [
              "op_faron,op_dung,$notrace",
              "op_faron,op_dung,op_race,ac_r"
            ]
          },
          {
            "name": "Whip",
            "item_count": 1,
            "access_rules": [
              "cisternsk:1,[cisternsk:2],ps",
              "cisternsk:1,[cisternsk:2],$cistern_statue",
              "[cisternsk:2],[ps],wds,t_cc"
            ],
            "visibility_rules": [
              "op_faron,op_dung,$notrace",
              "op_faron,op_dung,op_race,ac_r"
            ]
          },
          {
            "name": "Map Chest",
            "item_count": 1,
            "access_rules": [
              "whip"
            ],
            "visibility_rules": [
              "op_faron,op_dung,$notrace",
              "op_faron,op_dung,op_race,ac_r"
            ]
          },
          {
            "name": "Vines Chest",
            "item_count": 1,
            "access_rules": [
              "$cistern_statue"
            ],
            "visibility_rules": [
              "op_faron,op_dung,$notrace",
              "op_faron,op_dung,op_race,ac_r"
            ],
            "chest_unopened_img": "images/chestw.png",
            "chest_opened_img": "images/chestw_gray.png"
          },
          {
            "name": "Behind Waterfall",
            "item_count": 1,
            "access_rules": [
              "wds,whip"
            ],
            "visibility_rules": [
              "op_faron,op_dung,$notrace",
              "op_faron,op_dung,op_race,ac_r"
            ],
            "chest_unopened_img": "images/chestw.png",
            "chest_opened_img": "images/chestw_gray.png"
          },
          {
            "name": "Bokoblin",
            "item_count": 1,
            "access_rules": [
              "wds,whip,bow",
              "wds,whip,beetle"
            ],
            "visibility_rules": [
              "op_faron,op_dung,$notrace",
              "op_faron,op_dung,op_race,ac_r"
            ],
            "chest_unopened_img": "images/smallkey.png",
            "chest_opened_img": "images/smallkey_gray.png"
          },
          {
            "name": "Boss Key Chest",
            "item_count": 1,
            "access_rules": [
              "$cistern_statue,cs",
              "$cistern_statue,hook",
              "$cistern_statue,[hook],t_cc"
            ],
            "visibility_rules": [
              "op_faron,op_dung,$notrace",
              "op_faron,op_dung,op_race,ac_r"
            ],
            "chest_unopened_img": "images/chestbk.png",
            "chest_opened_img": "images/chestbk_gray.png"
          },
          {
            "name": "Cistern Heart Container",
            "item_count": 1,
            "access_rules": [
              "whip,cisternbk,cs,$koloktos",
              "whip,cisternbk,cisternsk:1,[cisternsk:2],$koloktos",
              "whip,[cisternbk],cs,$koloktos,t_bit",
              "whip,[cisternbk],cisternsk:1,[cisternsk:2],$koloktos,t_bit"
            ],
            "visibility_rules": [
              "op_faron,op_dung,$notrace",
              "op_faron,op_dung,op_race,ac_r"
            ],
            "chest_unopened_img": "images/hc.png",
            "chest_opened_img": "images/hc_gray.png"
          },
          {
            "name": "Farore's Flame",
            "item_count": 1,
            "access_rules": [
              "whip,cisternbk,cs,gs",
              "whip,cisternbk,cisternsk:1,[cisternsk:2],gs",
              "whip,[cisternbk],cs,gs,t_bit",
              "whip,[cisternbk],cisternsk:1,[cisternsk:2],gs,t_bit"
            ],
            "visibility_rules": [
              "op_faron,op_dung,$notrace",
              "op_faron,op_dung,op_race,ac_r"
            ],
            "chest_unopened_img": "images/sword_long_.png",
            "chest_opened_img": "images/sword_long__gray.png"
          }
        ],
        "map_locations": [
          {
            "map": "overworld",
            "size": 15,
            "x": 350,
            "y": 220
          }
        ]
      },
      {
        "name": "Sandship",
        "access_rules": [
          "$sandship_acc"
        ],
        "color": "#f4a460",
        "sections": [
          {
            "name": "Behind Combination Lock",
            "item_count": 1,
            "access_rules": [
              "ps,bombs,[bellows]",
              "ps,sling,[bellows]",
              "ps,bow",
              "gs,[bellows]"
            ],
            "visibility_rules": [
              "op_lanayru,op_dung,$notrace",
              "op_lanayru,op_dung,op_race,ss_r"
            ]
          },
          {
            "name": "Bow",
            "item_count": 1,
            "access_rules": [
              "shipsk:1,[shipsk:2],ps"
            ],
            "visibility_rules": [
              "op_lanayru,op_dung,$notrace",
              "op_lanayru,op_dung,op_race,ss_r"
            ]
          },
          {
            "name": "Heart Piece Chest",
            "item_count": 1,
            "access_rules": [
              "bow,cs"
            ],
            "visibility_rules": [
              "op_lanayru,op_dung,$notrace",
              "op_lanayru,op_dung,op_race,ss_r"
            ]
          },
          {
            "name": "Map Chest",
            "item_count": 1,
            "access_rules": [
              "bow,ps",
              "bow,shipsk:1,[shipsk:2]"
            ],
            "visibility_rules": [
              "op_lanayru,op_dung,$notrace",
              "op_lanayru,op_dung,op_race,ss_r"
            ]
          },
          {
            "name": "Treasure Room",
            "item_count": 5,
            "access_rules": [
              "bow,whip,ps"
            ],
            "visibility_rules": [
              "op_lanayru,op_dung,$notrace",
              "op_lanayru,op_dung,op_race,ss_r"
            ]
          },
          {
            "name": "Brig Robot",
            "item_count": 1,
            "access_rules": [
              "bow,whip,ps"
            ],
            "visibility_rules": [
              "op_lanayru,op_dung,$notrace",
              "op_lanayru,op_dung,op_race,ss_r"
            ],
            "chest_unopened_img": "images/smallkey.png",
            "chest_opened_img": "images/smallkey_gray.png"
          },
          {
            "name": "Boss Key Chest",
            "item_count": 1,
            "access_rules": [
              "bow,shipsk:1,[shipsk:2]"
            ],
            "visibility_rules": [
              "op_lanayru,op_dung,$notrace",
              "op_lanayru,op_dung,op_race,ss_r"
            ],
            "chest_unopened_img": "images/chestbk.png",
            "chest_opened_img": "images/chestbk_gray.png"
          },
          {
            "name": "Sandship Heart Container",
            "item_count": 1,
            "access_rules": [
              "bow,shipbk,ps",
              "bow,shipbk,shipsk:2",
              "bow,[skipbk],ps,t_bit"
            ],
            "visibility_rules": [
              "op_lanayru,op_dung,$notrace",
              "op_lanayru,op_dung,op_race,ss_r"
            ],
            "chest_unopened_img": "images/hc.png",
            "chest_opened_img": "images/hc_gray.png"
          },
          {
            "name": "Nayru's Flame",
            "item_count": 1,
            "access_rules": [
              "bow,shipbk,gs",
              "[bow],shipbk,gs,t_bit"
            ],
            "visibility_rules": [
              "op_lanayru,op_dung,$notrace",
              "op_lanayru,op_dung,op_race,ss_r"
            ],
            "chest_unopened_img": "images/sword_white_.png",
            "chest_opened_img": "images/sword_white__gray.png"
          }
        ],
        "map_locations": [
          {
            "map": "overworld",
            "size": 15,
            "x": 60,
            "y": 170
          }
        ]
      },
      {
        "name": "Fire Sanctuary",
        "access_rules": [
          "$sanc_acc"
        ],
        "color": "#cd5c5c",
        "sections": [
          {
            "name": "First Room",
            "item_count": 1,
            "access_rules": [
              "$sanc_pods,$bokoblin"
            ],
            "visibility_rules": [
              "op_eldin,op_dung,$notrace",
              "op_eldin,op_dung,op_race,fs_r"
            ]
          },
          {
            "name": "After Outside Section",
            "item_count": 1,
            "access_rules": [
              "$sanc_pods,sancsk:1,$bokoblin"
            ],
            "visibility_rules": [
              "op_eldin,op_dung,$notrace",
              "op_eldin,op_dung,op_race,fs_r"
            ],
            "chest_unopened_img": "images/chestw.png",
            "chest_opened_img": "images/chestw_gray.png"
          },
          {
            "name": "Second Small Key",
            "item_count": 1,
            "access_rules": [
              "hook,bellows,sancsk:1,$lizalfos",
              "hook,cs,sancsk:1,$lizalfos"
            ],
            "visibility_rules": [
              "op_eldin,op_dung,$notrace",
              "op_eldin,op_dung,op_race,fs_r"
            ]
          },
          {
            "name": "Water Pod Room",
            "item_count": 2,
            "access_rules": [
              "hook,sancsk:2,$lizalfos"
            ],
            "visibility_rules": [
              "op_eldin,op_dung,$notrace",
              "op_eldin,op_dung,op_race,fs_r"
            ]
          },
          {
            "name": "Mogma Mitts",
            "item_count": 1,
            "access_rules": [
              "hook,sancsk:2,ps"
            ],
            "visibility_rules": [
              "op_eldin,op_dung,$notrace",
              "op_eldin,op_dung,op_race,fs_r"
            ]
          },
          {
            "name": "Sanc Bottle",
            "item_count": 1,
            "access_rules": [
              "$sanc_pods,sancsk:1,mogma,ps",
              "[$sanc_pods],[sancsk:1],[mogma],ps,t_bit"
            ],
            "visibility_rules": [
              "op_eldin,op_dung,$notrace",
              "op_eldin,op_dung,op_race,fs_r"
            ]
          },
          {
            "name": "Map Chest",
            "item_count": 1,
            "access_rules": [
              "hook,cs,sancsk:2,mogma,bellows,ps",
              "$sanc_pods,[hook],[cs],[sancsk:2],[mogma],[bellows],ps,t_bit"
            ],
            "visibility_rules": [
              "op_eldin,op_dung,$notrace",
              "op_eldin,op_dung,op_race,fs_r"
            ]
          },
          {
            "name": "Third Small Key",
            "item_count": 1,
            "access_rules": [
              "hook,cs,sancsk:2,mogma,bellows,bombs,ps",
              "$sanc_pods,[hook],[cs],[sancsk:2],mogma,[bellows],bombs,ps,t_bit"
            ],
            "visibility_rules": [
              "op_eldin,op_dung,$notrace",
              "op_eldin,op_dung,op_race,fs_r"
            ]
          },
          {
            "name": "Plats Chest",
            "item_count": 1,
            "access_rules": [
              "hook,sancsk:3,mogma,ps",
              "$sanc_pods,[hook],[sancsk:3],[mogma],[ps],t_bit"
            ],
            "visibility_rules": [
              "op_eldin,op_dung,$notrace",
              "op_eldin,op_dung,op_race,fs_r"
            ]
          },
          {
            "name": "Staircase Room",
            "item_count": 1,
            "access_rules": [
              "hook,cs,sancsk:3,mogma,ps",
              "[hook],cs,[sancsk:3],[mogma],[ps],$lizalfos,t_bit"
            ],
            "visibility_rules": [
              "op_eldin,op_dung,$notrace",
              "op_eldin,op_dung,op_race,fs_r"
            ]
          },
          {
            "name": "Boss Key Chest",
            "item_count": 1,
            "access_rules": [
              "hook,cs,sancsk:3,mogma,ps",
              "$sanc_pods,[hook],[cs],[sancsk:3],[mogma],[ps],t_bit"
            ],
            "visibility_rules": [
              "op_eldin,op_dung,$notrace",
              "op_eldin,op_dung,op_race,fs_r"
            ],
            "chest_unopened_img": "images/chestbk.png",
            "chest_opened_img": "images/chestbk_gray.png"
          },
          {
            "name": "Sanctuary Heart Container",
            "item_count": 1,
            "access_rules": [
              "hook,sancsk:3,mogma,sancbk,ps",
              "$sanc_pods,[hook],[sancsk:3],[mogma],sancbk,ps,t_bit"
            ],
            "visibility_rules": [
              "op_eldin,op_dung,$notrace",
              "op_eldin,op_dung,op_race,fs_r"
            ],
            "chest_unopened_img": "images/hc.png",
            "chest_opened_img": "images/hc_gray.png"
          },
          {
            "name": "Din's Flame",
            "item_count": 1,
            "access_rules": [
              "hook,sancsk:3,mogma,sancbk,gs",
              "$sanc_pods,[hook],[sancsk:3],[mogma],sancbk,gs,t_bit"
            ],
            "visibility_rules": [
              "op_eldin,op_dung,$notrace",
              "op_eldin,op_dung,op_race,fs_r"
            ],
            "chest_unopened_img": "images/sword_master_.png",
            "chest_opened_img": "images/sword_master__gray.png"
          }
        ],
        "map_locations": [
          {
            "map": "overworld",
            "size": 15,
            "x": 325,
            "y": 35
          }
        ]
      },
      {
        "name": "Skykeep",
        "access_rules": [
          "$skykeep_acc"
        ],
        "color": "#00008b",
        "sections": [
          {
            "name": "Map Chest",
            "item_count": 1,
            "visibility_rules": [
              "op_sky,op_dung,op_race,sk_r",
              "op_sky,op_dung,$notrace"
            ]
          },
          {
            "name": "Small Key Chest",
            "item_count": 1,
            "access_rules": [
              "bellows,whip,bow,cs,ps"
            ],
            "visibility_rules": [
              "op_sky,op_dung,op_race,sk_r",
              "op_sky,op_dung,$notrace"
            ]
          }
        ],
        "map_locations": [
          {
            "map": "sky",
            "size": 40,
            "x": 1000,
            "y": 600
          }
        ]
      },
      {
        "name": "Sealed Grounds",
        "access_rules": [
          "$demise"
        ],
        "color": "#800080",
        "sections": [
          {
            "name": "Defeat Demise",
            "hosted_item": "demise"
          }
        ],
        "map_locations": [
          {
            "map": "overworld",
            "size": 17,
            "x": 265,
            "y": 200
          }
        ]
      }
    ]
  }
]