[
  {
    "name": "World",
    "chest_unopened_img": "images/chestb.png",
    "chest_opened_img": "images/chestb_gray.png",
    "children": [
      {
        "name": "Faron",
        "color": "#32cd32",
        "children": [
          {
            "name": "Sealed Grounds",
            "color": "#800080",
            "children": [
              {
                "name": "Sealed Temple",
                "sections": [
                  {
                    "name": "Inside Temple",
                    "item_count": 1,
                    "access_rules": [
                      "$sealedtemple"
                    ],
                    "visibility_rules": [
                      "op_faron,op_misc"
                    ],
                    "chest_unopened_img": "images/chestw.png",
                    "chest_opened_img": "images/chestw_gray.png"
                  },
                  {
                    "name": "Ballad of the Goddess",
                    "item_count": 1,
                    "access_rules": [
                      "$sealedtemple,harp"
                    ],
                    "visibility_rules": [
                      "op_faron,op_songs"
                    ],
                    "chest_unopened_img": "images/harp_bog.png",
                    "chest_opened_img": "images/harp_bog_gray.png"
                  },
                  {
                    "name": "Gorko Goddess Wall Reward",
                    "item_count": 1,
                    "access_rules": [
                      "$sealedtemple,$walls,gs"
                    ],
                    "visibility_rules": [
                      "op_faron,op_long,op_dung,$notrace",
                      "op_faron,op_long,op_dung,op_race,sv_r"
                    ],
                    "chest_unopened_img": "images/hp.png",
                    "chest_opened_img": "images/hp_gray.png"
                  },
                  {
                    "name": "Gorko Triforce on Wall",
                    "item_count": 0,
                    "access_rules": [
                      "$sealedtemple,$walls,bow,bombs,$levias"
                    ],
                    "visibility_rules": [
                      "op_faron,op_long,op_dung,$notrace",
                      "op_faron,op_long,op_dung,op_race,sv_r"
                    ],
                    "chest_unopened_img": "images/rupee.png",
                    "chest_opened_img": "images/rupee_gray.png"
                  },
                  {
                    "name": "True Master Sword",
                    "item_count": 1,
                    "access_rules": [
                      "$sealedtemple,$past"
                    ],
                    "visibility_rules": [
                      "op_faron"
                    ],
                    "chest_unopened_img": "images/sword_true_.png",
                    "chest_opened_img": "images/sword_true__gray.png"
                  },
                  {
                    "name": "Behind the Temple Gossip Stone",
                    "item_count": 1,
                    "access_rules": [
                      "$sealedtemple"
                    ],
                    "chest_unopened_img": "images/gossip.png",
                    "chest_opened_img": "images/gossip_gray.png",
                    "visibility_rules": [
                      "op_gs"
                    ]
                  }
                ],
                "map_locations": [
                  {
                    "map": "overworld",
                    "x": 265,
                    "y": 180
                  }
                ]
              }
            ]
          },
          {
            "name": "Faron Woods",
            "sections": [
              {
                "name": "Tree HP",
                "access_rules": [
                  "$faron"
                ],
                "item_count": 1,
                "visibility_rules": [
                  "op_faron,op_freestand"
                ],
                "chest_unopened_img": "images/hp.png",
                "chest_opened_img": "images/hp_gray.png"
              },
              {
                "name": "Slingshot",
                "item_count": 1,
                "access_rules": [
                  "$faron,$bokoblin"
                ],
                "visibility_rules": [
                  "op_faron,op_long,op_combat"
                ],
                "chest_unopened_img": "images/slingshot.png",
                "chest_opened_img": "images/slingshot_gray.png"
              },
              {
                "name": "HP behind Boulder",
                "item_count": 1,
                "access_rules": [
                  "$faron,bombs"
                ],
                "visibility_rules": [
                  "op_faron,op_freestand,op_bomb"
                ],
                "chest_unopened_img": "images/hp.png",
                "chest_opened_img": "images/hp_gray.png"
              },
              {
                "name": "Rock Wall Treasure",
                "item_count": 1,
                "access_rules": [
                  "$faron,bombs"
                ],
                "visibility_rules": [
                  "op_faron,op_bomb"
                ]
              },
              {
                "name": "Great Tree Chest",
                "item_count": 1,
                "access_rules": [
                  "$faron,bellows,wds",
                  "$faron,cs,$moblin"
                ],
                "visibility_rules": [
                  "op_faron,op_misc"
                ]
              },
              {
                "name": "Faron Silent Realm",
                "item_count": 1,
                "access_rules": [
                  "$faron,fc,harp",
                  "$faron,[fc],[harp],t_bit",
                  "{op_gs}"
                ],
                "visibility_rules": [
                  "op_faron,op_sr"
                ],
                "capture_item": true,
                "chest_unopened_img": "images/scale.png",
                "chest_opened_img": "images/scale_gray.png"
              },
              {
                "name": "Cube: West Great Tree",
                "hosted_item": "cube_WGT",
                "access_rules": [
                  "$cube_wgt"
                ],
                "visibility_rules": [
                  "op_skyloft,op_cube,op_cube_fw"
                ]
              },
              {
                "name": "Cube: East Great Tree w/ Rope",
                "hosted_item": "cube_EGTr",
                "access_rules": [
                  "$cube_egtr"
                ],
                "visibility_rules": [
                  "op_thunderhead,op_cube,op_cube_fw"
                ]
              },
              {
                "name": "Cube: East Great Tree w/ Clawshot",
                "hosted_item": "cube_EGTcs",
                "access_rules": [
                  "$cube_egtcs"
                ],
                "visibility_rules": [
                  "op_sky,op_cube,op_cube_fw"
                ]
              }
            ],
            "map_locations": [
              {
                "map": "overworld",
                "x": 370,
                "y": 185
              }
            ]
          },
          {
            "name": "Deep Woods",
            "sections": [
              {
                "name": "Deep Woods Chest",
                "item_count": 1,
                "access_rules": [
                  "$deepwoods"
                ],
                "visibility_rules": [
                  "op_faron,op_misc"
                ],
                "chest_unopened_img": "images/chestw.png",
                "chest_opened_img": "images/chestw_gray.png"
              },
              {
                "name": "Cube: Initial",
                "hosted_item": "cube_Initial",
                "access_rules": [
                  "$cube_initial"
                ],
                "visibility_rules": [
                  "op_sky,op_cube,op_cube_fw"
                ]
              },
              {
                "name": "Cube: Deep Woods",
                "hosted_item": "cube_DW",
                "access_rules": [
                  "$cube_dw"
                ],
                "visibility_rules": [
                  "op_sky,op_cube,op_cube_fw"
                ]
              },
              {
                "name": "Cube: Atop Skyview",
                "hosted_item": "cube_SV",
                "access_rules": [
                  "$cube_sv"
                ],
                "visibility_rules": [
                  "op_sky,op_cube,op_cube_fw"
                ]
              },
              {
                "name": "Deep Woods Gossip Stone",
                "item_count": 1,
                "access_rules": [
                  "$deepwoods"
                ],
                "chest_unopened_img": "images/gossip.png",
                "chest_opened_img": "images/gossip_gray.png",
                "visibility_rules": [
                  "op_gs"
                ]
              }
            ],
            "map_locations": [
              {
                "map": "overworld",
                "x": 380,
                "y": 130
              }
            ]
          },
          {
            "name": "Lake Floria",
            "color": "#6495ed",
            "sections": [
              {
                "name": "Lake Floria Boulder Rupee",
                "item_count": 0,
                "access_rules": [
                  "$floria,wds"
                ],
                "visibility_rules": [
                  "op_faron,op_freestand"
                ],
                "chest_unopened_img": "images/rupee.png",
                "chest_opened_img": "images/rupee_gray.png"
              },
              {
                "name": "Lake Floria Chest",
                "item_count": 1,
                "access_rules": [
                  "$floria,wds"
                ],
                "visibility_rules": [
                  "op_faron,op_misc"
                ]
              },
              {
                "name": "Dragon Lair First Chest",
                "item_count": 1,
                "access_rules": [
                  "$floria"
                ],
                "visibility_rules": [
                  "op_faron,op_misc"
                ]
              },
              {
                "name": "Dragon Lair Second Chest",
                "item_count": 1,
                "access_rules": [
                  "$floria,wds"
                ],
                "visibility_rules": [
                  "op_faron,op_misc"
                ]
              },
              {
                "name": "Outside Cistern Rupee",
                "item_count": 0,
                "access_rules": [
                  "$floria,beetle"
                ],
                "visibility_rules": [
                  "op_faron,op_freestand"
                ],
                "chest_unopened_img": "images/rupee.png",
                "chest_opened_img": "images/rupee_gray.png"
              },
              {
                "name": "Cube: Lake Floria",
                "hosted_item": "cube_Fl",
                "access_rules": [
                  "$cube_fl"
                ],
                "visibility_rules": [
                  "op_skyloft,op_cube,op_cube_lf"
                ]
              },
              {
                "name": "Cube: Floria Waterfall",
                "hosted_item": "cube_FW",
                "access_rules": [
                  "$cube_fw"
                ],
                "visibility_rules": [
                  "op_sky,op_cube,op_cube_lf"
                ]
              },
              {
                "name": "Cistern Gossip Stone",
                "item_count": 1,
                "access_rules": [
                  "$floria"
                ],
                "chest_unopened_img": "images/gossip.png",
                "chest_opened_img": "images/gossip_gray.png",
                "visibility_rules": [
                  "op_gs"
                ]
              }
            ],
            "map_locations": [
              {
                "map": "overworld",
                "x": 400,
                "y": 240
              }
            ]
          }
        ]
      },
      {
        "name": "Eldin",
        "color": "#8b0000",
        "children": [
          {
            "name": "Lower Volcano",
            "sections": [
              {
                "name": "Mogma Huts Bombable Wall",
                "item_count": 1,
                "access_rules": [
                  "$eldin1"
                ],
                "visibility_rules": [
                  "op_eldin,op_bomb"
                ],
                "chest_unopened_img": "images/chestw.png",
                "chest_opened_img": "images/chestw_gray.png"
              },
              {
                "name": "Crawlspace Chest",
                "item_count": 1,
                "access_rules": [
                  "$eldin1"
                ],
                "visibility_rules": [
                  "op_eldin,op_bomb"
                ],
                "chest_unopened_img": "images/chestw.png",
                "chest_opened_img": "images/chestw_gray.png"
              },
              {
                "name": "Behind Cliff HP Bombable Wall",
                "item_count": 1,
                "access_rules": [
                  "$eldin1"
                ],
                "visibility_rules": [
                  "op_eldin,op_bomb"
                ],
                "chest_unopened_img": "images/chestw.png",
                "chest_opened_img": "images/chestw_gray.png"
              },
              {
                "name": "Cliff HP",
                "item_count": 1,
                "access_rules": [
                  "$eldin1"
                ],
                "visibility_rules": [
                  "op_eldin,op_freestand"
                ],
                "chest_unopened_img": "images/hp.png",
                "chest_opened_img": "images/hp_gray.png"
              },
              {
                "name": "Cube: Eldin Entrance",
                "hosted_item": "cube_EE",
                "access_rules": [
                  "$cube_ee"
                ],
                "visibility_rules": [
                  "op_sky,op_cube,op_cube_ev"
                ]
              },
              {
                "name": "Cube: Mogma Turf Entrance",
                "hosted_item": "cube_MTE",
                "access_rules": [
                  "$cube_mte"
                ],
                "visibility_rules": [
                  "op_sky,op_cube,op_cube_ev"
                ]
              }
            ],
            "map_locations": [
              {
                "map": "overworld",
                "x": 260,
                "y": 90
              }
            ]
          },
          {
            "name": "Volcano Ascent",
            "sections": [
              {
                "name": "Ascent Bombable Wall",
                "access_rules": [
                  "$eldin2"
                ],
                "item_count": 1,
                "visibility_rules": [
                  "op_eldin,op_bomb"
                ],
                "chest_unopened_img": "images/chestw.png",
                "chest_opened_img": "images/chestw_gray.png"
              },
              {
                "name": "Digging Spot near ET",
                "item_count": 1,
                "access_rules": [
                  "$eldin2,mitts"
                ],
                "visibility_rules": [
                  "op_eldin,op_dig"
                ],
                "chest_unopened_img": "images/keypiece.png",
                "chest_opened_img": "images/keypiece_gray.png"
              },
              {
                "name": "Digging Spot under Tower",
                "item_count": 1,
                "access_rules": [
                  "$eldin2,mitts"
                ],
                "visibility_rules": [
                  "op_eldin,op_dig"
                ],
                "chest_unopened_img": "images/keypiece.png",
                "chest_opened_img": "images/keypiece_gray.png"
              },
              {
                "name": "Digging Spot on Sandy Slopes",
                "item_count": 1,
                "access_rules": [
                  "$eldin2,mitts"
                ],
                "visibility_rules": [
                  "op_eldin,op_dig"
                ],
                "chest_unopened_img": "images/keypiece.png",
                "chest_opened_img": "images/keypiece_gray.png"
              },
              {
                "name": "Digging Spot after Vents",
                "item_count": 1,
                "access_rules": [
                  "$eldin2,mitts"
                ],
                "visibility_rules": [
                  "op_eldin,op_dig"
                ],
                "chest_unopened_img": "images/keypiece.png",
                "chest_opened_img": "images/keypiece_gray.png"
              },
              {
                "name": "Digging Spot after Draining Cave",
                "item_count": 1,
                "access_rules": [
                  "$eldin2,mitts"
                ],
                "visibility_rules": [
                  "op_eldin,op_dig"
                ],
                "chest_unopened_img": "images/keypiece.png",
                "chest_opened_img": "images/keypiece_gray.png"
              },
              {
                "name": "Eldin Silent Realm",
                "item_count": 1,
                "access_rules": [
                  "$eldin2,dp,harp",
                  "$eldin2,[dp],[harp],t_bit",
                  "{op_gs}"
                ],
                "visibility_rules": [
                  "op_eldin,op_sr"
                ],
                "capture_item": true,
                "chest_unopened_img": "images/earring.png",
                "chest_opened_img": "images/earring_gray.png"
              },
              {
                "name": "Cube: West of Temple Entrance",
                "hosted_item": "cube_ETW",
                "access_rules": [
                  "$cube_etw"
                ],
                "visibility_rules": [
                  "op_sky,op_cube,op_cube_ev,op_bomb"
                ]
              },
              {
                "name": "Cube: East of Temple Entrance",
                "hosted_item": "cube_ETE",
                "access_rules": [
                  "$cube_ete"
                ],
                "visibility_rules": [
                  "op_sky,op_cube,op_cube_ev"
                ]
              },
              {
                "name": "Cube: Eldin Slide",
                "hosted_item": "cube_ES",
                "access_rules": [
                  "$cube_es"
                ],
                "visibility_rules": [
                  "op_skyloft,op_cube,op_cube_ev"
                ]
              },
              {
                "name": "Thrill Digger Gossip Stone",
                "item_count": 1,
                "access_rules": [
                  "$eldin2"
                ],
                "chest_unopened_img": "images/gossip.png",
                "chest_opened_img": "images/gossip_gray.png",
                "visibility_rules": [
                  "op_gs"
                ]
              },
              {
                "name": "Earth Temple Gossip Stone",
                "item_count": 1,
                "access_rules": [
                  "$eldin2,mitts"
                ],
                "chest_unopened_img": "images/gossip.png",
                "chest_opened_img": "images/gossip_gray.png",
                "visibility_rules": [
                  "op_gs"
                ]
              }
            ],
            "map_locations": [
              {
                "map": "overworld",
                "x": 255,
                "y": 75
              }
            ]
          },
          {
            "name": "Mogma Turf",
            "sections": [
              {
                "name": "Free Fall Chest",
                "item_count": 1,
                "access_rules": [
                  "$eldin1"
                ],
                "visibility_rules": [
                  "op_eldin,op_misc"
                ]
              },
              {
                "name": "Behind Bomb Wall",
                "item_count": 1,
                "access_rules": [
                  "$eldin1"
                ],
                "visibility_rules": [
                  "op_eldin,op_bomb"
                ]
              },
              {
                "name": "Sand Slide Chest",
                "item_count": 1,
                "access_rules": [
                  "$eldin1,mitts"
                ],
                "visibility_rules": [
                  "op_eldin,op_misc"
                ]
              },
              {
                "name": "Digging Mitts",
                "access_rules": [
                  "$eldin1,$bokoblin"
                ],
                "item_count": 1,
                "visibility_rules": [
                  "op_eldin,op_combat"
                ],
                "chest_unopened_img": "images/mitts_digging.png",
                "chest_opened_img": "images/mitts_digging_gray.png"
              },
              {
                "name": "Pyrup Maze Bomb Wall",
                "item_count": 1,
                "access_rules": [
                  "$eldin1,mitts"
                ],
                "visibility_rules": [
                  "op_eldin,op_bomb"
                ]
              },
              {
                "name": "Cube: Mogma Turf",
                "hosted_item": "cube_MT",
                "access_rules": [
                  "$cube_mt"
                ],
                "visibility_rules": [
                  "op_thunderhead,op_cube,op_cube_ev"
                ]
              }
            ],
            "map_locations": [
              {
                "map": "overworld",
                "x": 280,
                "y": 90
              }
            ]
          },
          {
            "name": "Volcano Summit",
            "color": "#a52a2a",
            "sections": [
              {
                "name": "Digging HP",
                "item_count": 1,
                "access_rules": [
                  "$volcano,$bottle,mogma",
                  "$volcano,[$bottle],gust,mogma,t_bit"
                ],
                "visibility_rules": [
                  "op_eldin,op_freestand"
                ],
                "chest_unopened_img": "images/hp.png",
                "chest_opened_img": "images/hp_gray.png"
              },
              {
                "name": "Bombable Wall Waterfall",
                "item_count": 1,
                "access_rules": [
                  "$volcano,cs"
                ],
                "visibility_rules": [
                  "op_eldin,op_bomb"
                ]
              },
              {
                "name": "Cube: Volcano Summit",
                "hosted_item": "cube_VS",
                "access_rules": [
                  "$cube_vs"
                ],
                "visibility_rules": [
                  "op_thunderhead,op_cube,op_cube_vs"
                ]
              },
              {
                "name": "Cube: Summit Waterfall",
                "hosted_item": "cube_SW",
                "access_rules": [
                  "$cube_sw"
                ],
                "visibility_rules": [
                  "op_thunderhead,op_cube,op_cube_vs"
                ]
              },
              {
                "name": "Cube: Fire Sanctuary Entrance",
                "hosted_item": "cube_FSE",
                "access_rules": [
                  "$cube_fse"
                ],
                "visibility_rules": [
                  "op_thunderhead,op_cube,op_cube_vs"
                ]
              },
              {
                "name": "Fire Sanctuary Gossip Stone",
                "item_count": 1,
                "access_rules": [
                  "$volcano,$bottle",
                  "$volcano,[$bottle],gust,t_bit"
                ],
                "chest_unopened_img": "images/gossip.png",
                "chest_opened_img": "images/gossip_gray.png",
                "visibility_rules": [
                  "op_gs"
                ]
              }
            ],
            "map_locations": [
              {
                "map": "overworld",
                "x": 300,
                "y": 40
              }
            ]
          }
        ]
      },
      {
        "name": "Lanayru",
        "color": "#daa520",
        "children": [
          {
            "name": "Mines Entrance",
            "sections": [
              {
                "name": "Landing Chest",
                "item_count": 1,
                "access_rules": [
                  "$lanayru1,cs",
                  "$lanayru1,[cs],t_bit"
                ],
                "visibility_rules": [
                  "op_lanayru,op_misc"
                ]
              },
              {
                "name": "First Timeshift Chest",
                "item_count": 1,
                "access_rules": [
                  "$lanayru1"
                ],
                "visibility_rules": [
                  "op_lanayru,op_misc"
                ],
                "chest_unopened_img": "images/chestw.png",
                "chest_opened_img": "images/chestw_gray.png"
              },
              {
                "name": "Statue Chest",
                "item_count": 1,
                "access_rules": [
                  "$lanayru1,bomb",
                  "$lanayru1,hook"
                ],
                "visibility_rules": [
                  "op_lanayru,op_bomb"
                ],
                "chest_unopened_img": "images/chestw.png",
                "chest_opened_img": "images/chestw_gray.png"
              },
              {
                "name": "End of Mines Chest",
                "item_count": 1,
                "access_rules": [
                  "$lanayru1,bomb",
                  "$lanayru1,hook",
                  "$lanayru1,[bomb],t_bit"
                ],
                "visibility_rules": [
                  "op_lanayru,op_bomb"
                ]
              },
              {
                "name": "Cube: Mine Entrance",
                "hosted_item": "cube_LME",
                "access_rules": [
                  "$cube_lme"
                ],
                "visibility_rules": [
                  "op_sky,op_cube,op_cube_ld"
                ]
              }
            ],
            "map_locations": [
              {
                "map": "overworld",
                "x": 200,
                "y": 190
              }
            ]
          },
          {
            "name": "Lanayru Desert",
            "sections": [
              {
                "name": "Party Wheel Chest",
                "item_count": 1,
                "access_rules": [
                  "$lanayru1,bombs"
                ],
                "visibility_rules": [
                  "op_lanayru,op_misc"
                ]
              },
              {
                "name": "Chest before Hook Beetle",
                "item_count": 1,
                "access_rules": [
                  "$lanayru1,cs",
                  "$lanayru1,bombs",
                  "$lanayru1,hook",
                  "$lanayru1,[bombs],t_bit"
                ],
                "visibility_rules": [
                  "op_lanayru,op_misc"
                ]
              },
              {
                "name": "Hook Beetle",
                "item_count": 1,
                "access_rules": [
                  "$lanayru1,bombs",
                  "$lanayru1,hook"
                ],
                "visibility_rules": [
                  "op_lanayru,op_combat"
                ],
                "chest_unopened_img": "images/beetle_hook.png",
                "chest_opened_img": "images/beetle_hook_gray.png"
              },
              {
                "name": "Secret Passage Chest",
                "item_count": 1,
                "access_rules": [
                  "$lanayru2,bombs"
                ],
                "visibility_rules": [
                  "op_lanayru,op_bomb"
                ]
              },
              {
                "name": "Chest atop LMF",
                "item_count": 1,
                "access_rules": [
                  "$dungeon_ld",
                  "{op_gs}"
                ],
                "capture_item": true,
                "visibility_rules": [
                  "op_lanayru,op_misc,op_minid"
                ]
              },
              {
                "name": "Chest near Trial",
                "item_count": 1,
                "access_rules": [
                  "$lanayru2,cs",
                  "$lanayru2,[cs],t_bit"
                ],
                "visibility_rules": [
                  "op_lanayru,op_misc"
                ]
              },
              {
                "name": "Chest Near Fire Node",
                "item_count": 1,
                "access_rules": [
                  "$lanayru1,cs"
                ],
                "visibility_rules": [
                  "op_lanayru,op_misc"
                ],
                "chest_unopened_img": "images/chestw.png",
                "chest_opened_img": "images/chestw_gray.png"
              },
              {
                "name": "Sand Oasis Chest",
                "item_count": 1,
                "access_rules": [
                  "$lanayru1,cs"
                ],
                "visibility_rules": [
                  "op_lanayru,op_misc"
                ],
                "chest_unopened_img": "images/chestw.png",
                "chest_opened_img": "images/chestw_gray.png"
              },
              {
                "name": "Lanayru Silent Realm",
                "item_count": 1,
                "access_rules": [
                  "$lanayru2,nw,harp",
                  "{op_gs}"
                ],
                "visibility_rules": [
                  "op_lanayru,op_sr"
                ],
                "capture_item": true,
                "chest_unopened_img": "images/clawshots.png",
                "chest_opened_img": "images/clawshots_gray.png"
              },
              {
                "name": "Cube: Sand Oasis",
                "hosted_item": "cube_SO",
                "access_rules": [
                  "$cube_so"
                ],
                "visibility_rules": [
                  "op_sky,op_cube,op_cube_ld"
                ]
              },
              {
                "name": "Cube: Secret Passageway",
                "hosted_item": "cube_SP",
                "access_rules": [
                  "$cube_sp"
                ],
                "visibility_rules": [
                  "op_sky,op_cube,op_cube_ld,op_bomb"
                ]
              },
              {
                "name": "Cube: Near Hook Beetle",
                "hosted_item": "cube_HBF",
                "access_rules": [
                  "$cube_hbf"
                ],
                "visibility_rules": [
                  "op_sky,op_cube,op_cube_ld"
                ]
              }
            ],
            "map_locations": [
              {
                "map": "overworld",
                "x": 170,
                "y": 160
              }
            ]
          },
          {
            "name": "Temple of Time",
            "color": "#cd853f",
            "sections": [
              {
                "name": "Cube: Temple of Time",
                "hosted_item": "cube_ToT",
                "access_rules": [
                   "$cube_tot"
                ],
                "visibility_rules": [
                  "op_sky,op_cube,op_cube_ld,op_combat"
                ]
              },
              {
                "name": "Temple of Time Gossip Stone",
                "item_count": 1,
                "access_rules": [
                  "hook,$lanayru2"
                ],
                "chest_unopened_img": "images/gossip.png",
                "chest_opened_img": "images/gossip_gray.png",
                "visibility_rules": [
                  "op_gs"
                ]
              }
            ],
            "map_locations": [
              {
                "map": "overworld",
                "x": 115,
                "y": 135
              }
            ]
          },
          {
            "name": "Lightning Node",
            "sections": [
              {
                "name": "Maze Chests",
                "item_count": 2,
                "access_rules": [
                  "$lanayru2,bombs"
                ],
                "visibility_rules": [
                  "op_lanayru,op_minid"
                ],
                "chest_unopened_img": "images/chestw.png",
                "chest_opened_img": "images/chestw_gray.png"
              },
              {
                "name": "End Chest",
                "item_count": 1,
                "access_rules": [
                  "$lanayru2,bombs"
                ],
                "visibility_rules": [
                  "op_lanayru,op_minid"
                ]
              }
            ],
            "map_locations": [
              {
                "map": "overworld",
                "x": 170,
                "y": 120
              }
            ]
          },
          {
            "name": "Fire Node",
            "sections": [
              {
                "name": "Shortcut Chest",
                "item_count": 1,
                "access_rules": [
                  "$lanayru2,$ampilus",
                  "$lanayru2,[$ampilus],t_brakeslide"
                ],
                "visibility_rules": [
                  "op_lanayru,op_minid"
                ]
              },
              {
                "name": "Maze Chests",
                "item_count": 2,
                "access_rules": [
                  "$lanayru2,bombs"
                ],
                "visibility_rules": [
                  "op_lanayru,op_minid"
                ],
                "chest_unopened_img": "images/chestw.png",
                "chest_opened_img": "images/chestw_gray.png"
              },
              {
                "name": "End Chests",
                "item_count": 2,
                "access_rules": [
                  "$lanayru2,bombs,hook"
                ],
                "visibility_rules": [
                  "op_lanayru,op_minid"
                ]
              }
            ],
            "map_locations": [
              {
                "map": "overworld",
                "x": 190,
                "y": 150
              }
            ]
          },
          {
            "name": "Lanayru Caves",
            "color": "#d2961e",
            "sections": [
              {
                "name": "Caves Chest",
                "item_count": 1,
                "access_rules": [
                  "$lanayru1,cs",
                  "$lanayru1,[cs],t_bit"
                ],
                "visibility_rules": [
                  "op_lanayru,op_misc"
                ]
              },
              {
                "name": "Golo",
                "item_count": 1,
                "access_rules": [
                  "$lanayru1,cs",
                  "$lanayru1,[cs],t_bit"
                ],
                "visibility_rules": [
                  "op_lanayru,op_gift"
                ],
                "chest_unopened_img": "images/smallkey.png",
                "chest_opened_img": "images/smallkey_gray.png"
              },
              {
                "name": "Lanayru Caves Gossip Stone",
                "item_count": 1,
                "access_rules": [
                  "$lanayru1,cs",
                  "$lanayru1,[cs],t_bit"
                ],
                "chest_unopened_img": "images/gossip.png",
                "chest_opened_img": "images/gossip_gray.png",
                "visibility_rules": [
                  "op_gs"
                ]
              }
            ],
            "map_locations": [
              {
                "map": "overworld",
                "x": 140,
                "y": 170
              }
            ]
          },
          {
            "name": "Sand Sea",
            "color": "#ff8c00",
            "children": [
              {
                "name": "Ancient Harbour",
                "sections": [
                  {
                    "name": "Cube: Ancient Harbour",
                    "hosted_item": "cube_AH",
                    "access_rules": [
                      "$cube_ah"
                    ],
                    "visibility_rules": [
                      "op_skyloft,op_cube,op_cube_ss"
                    ]
                  }
                ],
                "map_locations": [
                  {
                    "map": "overworld",
                    "x": 100,
                    "y": 180
                  }
                ]
              },
              {
                "name": "Skipper's Retreat",
                "sections": [
                  {
                    "name": "Skydive Chest",
                    "item_count": 1,
                    "access_rules": [
                      "$sea,whip,bow",
                      "$sea,whip,beetle",
                      "$sea,whip,sling",
                      "$sea,[whip],bombs,t_bit",
                      "$sea,[whip],hook,t_bit"
                    ],
                    "visibility_rules": [
                      "op_lanayru,op_misc"
                    ]
                  },
                  {
                    "name": "Moblin Chest",
                    "item_count": 1,
                    "access_rules": [
                      "$sea,bombs",
                      "$sea,hook",
                      "$sea,whip"
                    ],
                    "visibility_rules": [
                      "op_lanayru,op_misc"
                    ],
                    "chest_unopened_img": "images/chestw.png",
                    "chest_opened_img": "images/chestw_gray.png"
                  },
                  {
                    "name": "Ruin Pillar",
                    "item_count": 1,
                    "access_rules": [
                      "$sea,whip,bow",
                      "$sea,whip,beetle",
                      "$sea,whip,sling",
                      "$sea,[whip],bombs,t_bit",
                      "$sea,[whip],hook,t_bit"
                    ],
                    "visibility_rules": [
                      "op_lanayru,op_misc"
                    ]
                  },
                  {
                    "name": "Skipper's Shack Chest",
                    "item_count": 1,
                    "access_rules": [
                      "$sea,whip,bow,bellows",
                      "$sea,whip,beetle,bellows",
                      "$sea,whip,sling,bellows",
                      "$sea,[whip],bombs,bellows,t_bit",
                      "$sea,[whip],hook,bellows,t_bit"
                    ],
                    "visibility_rules": [
                      "op_lanayru,op_misc"
                    ]
                  },
                  {
                    "name": "Cube: Skipper's Retreat",
                    "hosted_item": "cube_SR",
                    "access_rules": [
                      "$cube_sr"
                    ],
                    "visibility_rules": [
                      "op_sky,op_cube,op_cube_ss"
                    ]
                  }
                ],
                "map_locations": [
                  {
                    "map": "overworld",
                    "x": 50,
                    "y": 200
                  }
                ]
              },
              {
                "name": "Shipyard",
                "sections": [
                  {
                    "name": "Rollercoaster Minigame",
                    "item_count": 1,
                    "access_rules": [
                      "$sea,$molderach",
                      "{op_gs}"
                    ],
                    "visibility_rules": [
                      "op_lanayru,op_minig,op_combat"
                    ],
                    "capture_item": true,
                    "chest_unopened_img": "images/hp.png",
                    "chest_opened_img": "images/hp_gray.png"
                  },
                  {
                    "name": "Shipyard Gossip Stone",
                    "item_count": 1,
                    "access_rules": [
                      "$sea"
                    ],
                    "chest_unopened_img": "images/gossip.png",
                    "chest_opened_img": "images/gossip_gray.png",
                    "visibility_rules": [
                      "op_gs"
                    ]
                  }
                ],
                "map_locations": [
                  {
                    "map": "overworld",
                    "x": 35,
                    "y": 185
                  }
                ]
              },
              {
                "name": "Pirate Stronghold",
                "sections": [
                  {
                    "name": "Pirates' Chests",
                    "item_count": 3,
                    "access_rules": [
                      "$sea"
                    ],
                    "visibility_rules": [
                      "op_lanayru,op_minid"
                    ]
                  },
                  {
                    "name": "Cube: Pirate Stronghold",
                    "hosted_item": "cube_PS",
                    "access_rules": [
                      "$cube_ps"
                    ],
                    "visibility_rules": [
                      "op_skyloft,op_cube,op_cube_ss,op_minid"
                    ]
                  }
                ],
                "map_locations": [
                  {
                    "map": "overworld",
                    "x": 40,
                    "y": 120
                  }
                ]
              }
            ]
          }
        ]
      }
    ]
  }
]