[
  {
    "name": "World",
    "chest_unopened_img": "images/chestb.png",
    "chest_opened_img": "images/chestb_gray.png",
    "children": [
      {
        "name": "Faron",
        "color": "#32cd32",
        "children": [
          {
            "name": "Sealed Grounds",
            "color": "#800080",
            "children": [
              {
                "name": "Sealed Temple",
                "access_rules": [
                  "$sealedtemple"
                ],
                "sections": [
                  {
                    "name": "Inside Temple",
                    "item_count": 1,
                    "visibility_rules": [
                      "op_ow_on"
                    ],
                    "chest_unopened_img": "images/chestw.png",
                    "chest_opened_img": "images/chestw_gray.png"
                  },
                  {
                    "name": "Ballad of the Goddess",
                    "item_count": 1,
                    "access_rules": [
                      "harp"
                    ],
                    "visibility_rules": [
                      "op_mq_on"
                    ],
                    "chest_unopened_img": "images/harp_bog.png",
                    "chest_opened_img": "images/harp_bog_gray.png"
                  },
                  {
                    "name": "Gorko Goddess Wall Reward",
                    "item_count": 1,
                    "access_rules": [
                      "$walls,gs"
                    ],
                    "visibility_rules": [
                      "op_mq_on,op_dung_on,op_race_off",
                      "op_mq_on,op_dung_on,op_race_on,sv_r"
                    ],
                    "chest_unopened_img": "images/hp.png",
                    "chest_opened_img": "images/hp_gray.png"
                  },
                  {
                    "name": "Behind Triforce on Wall",
                    "item_count": 0,
                    "access_rules": [
                      "$walls,bow,bombs,$levias"
                    ],
                    "visibility_rules": [
                      "op_mq_on,op_dung_on"
                    ],
                    "chest_unopened_img": "images/rupee.png",
                    "chest_opened_img": "images/rupee_gray.png"
                  },
                  {
                    "name": "True Master Sword",
                    "item_count": 1,
                    "access_rules": [
                      "$past"
                    ],
                    "visibility_rules": [
                      "op_mq_on"
                    ],
                    "chest_unopened_img": "images/sword_true_.png",
                    "chest_opened_img": "images/sword_true__gray.png"
                  }
                ],
                "map_locations": [
                  {
                    "map": "overworld",
                    "x": 265,
                    "y": 180
                  }
                ]
              }
            ]
          },
          {
            "name": "Faron Woods",
            "access_rules": [
              "$faron"
            ],
            "sections": [
              {
                "name": "Tree HP",
                "item_count": 1,
                "visibility_rules": [
                  "op_ow_on"
                ],
                "chest_unopened_img": "images/hp.png",
                "chest_opened_img": "images/hp_gray.png",
                "capture_item": true
              },
              {
                "name": "Slingshot",
                "item_count": 1,
                "visibility_rules": [
                  "op_mq_on"
                ],
                "chest_unopened_img": "images/slingshot.png",
                "chest_opened_img": "images/slingshot_gray.png"
              },
              {
                "name": "HP behind Boulder",
                "item_count": 1,
                "access_rules": [
                  "bombs"
                ],
                "visibility_rules": [
                  "op_ow_on"
                ],
                "chest_unopened_img": "images/hp.png",
                "chest_opened_img": "images/hp_gray.png"
              },
              {
                "name": "Rock Wall Treasure",
                "item_count": 1,
                "access_rules": [
                  "bombs"
                ],
                "visibility_rules": [
                  "op_ow_on"
                ]
              },
              {
                "name": "Great Tree Chest",
                "item_count": 1,
                "access_rules": [
                  "bellows,wds",
                  "cs,$moblin"
                ],
                "visibility_rules": [
                  "op_ow_on"
                ]
              },
              {
                "name": "Faron Silent Realm",
                "item_count": 1,
                "access_rules": [
                  "fc,harp"
                ],
                "visibility_rules": [
                  "op_sr_on"
                ],
                "chest_unopened_img": "images/scale.png",
                "chest_opened_img": "images/scale_gray.png"
              },
              {
                "name": "Cube: West Great Tree",
                "hosted_item": "cube_WGT",
                "access_rules": [
                  "$cube_wgt"
                ],
                "visibility_rules": [
                  "op_gc_on"
                ]
              },
              {
                "name": "Cube: East Great Tree w/ Rope",
                "hosted_item": "cube_EGTr",
                "access_rules": [
                  "$cube_egtr"
                ],
                "visibility_rules": [
                  "op_gc_on"
                ]
              },
              {
                "name": "Cube: East Great Tree w/ Clawshot",
                "hosted_item": "cube_EGTcs",
                "access_rules": [
                  "$cube_egtcs"
                ],
                "visibility_rules": [
                  "op_gc_on"
                ]
              }
            ],
            "map_locations": [
              {
                "map": "overworld",
                "x": 370,
                "y": 185
              }
            ]
          },
          {
            "name": "Deep Woods",
            "access_rules": [
              "$deepwoods"
            ],
            "sections": [
              {
                "name": "Deep Woods Chest",
                "item_count": 1,
                "visibility_rules": [
                  "op_ow_on"
                ],
                "chest_unopened_img": "images/chestw.png",
                "chest_opened_img": "images/chestw_gray.png"
              },
              {
                "name": "Cube: Initial",
                "hosted_item": "cube_Initial",
                "access_rules": [
                  "$cube_initial"
                ],
                "visibility_rules": [
                  "op_gc_on"
                ]
              },
              {
                "name": "Cube: Deep Woods",
                "hosted_item": "cube_DW",
                "access_rules": [
                  "$cube_dw"
                ],
                "visibility_rules": [
                  "op_gc_on"
                ]
              },
              {
                "name": "Cube: Atop Skyview",
                "hosted_item": "cube_SV",
                "access_rules": [
                  "$cube_sv"
                ],
                "visibility_rules": [
                  "op_gc_on"
                ]
              }
            ],
            "map_locations": [
              {
                "map": "overworld",
                "x": 380,
                "y": 130
              }
            ]
          },
          {
            "name": "Lake Floria",
            "access_rules": [
              "$floria"
            ],
            "color": "#6495ed",
            "sections": [
              {
                "name": "Outside Cistern Chest",
                "item_count": 0,
                "access_rules": [
                  "beetle"
                ],
                "visibility_rules": [
                  "op_ow_on"
                ]
              },
              {
                "name": "Dragon Lair Chests",
                "item_count": 2,
                "visibility_rules": [
                  "op_ow_on"
                ]
              },
              {
                "name": "Lake Floria Chest",
                "item_count": 1,
                "visibility_rules": [
                  "op_ow_on"
                ]
              },
              {
                "name": "Cube: Lake Floria",
                "hosted_item": "cube_Fl",
                "access_rules": [
                  "$cube_fl"
                ],
                "visibility_rules": [
                  "op_gc_on"
                ]
              },
              {
                "name": "Cube: Floria Waterfall",
                "hosted_item": "cube_FW",
                "access_rules": [
                  "$cube_fw"
                ],
                "visibility_rules": [
                  "op_gc_on"
                ]
              }
            ],
            "map_locations": [
              {
                "map": "overworld",
                "x": 400,
                "y": 240
              }
            ]
          }
        ]
      },
      {
        "name": "Eldin",
        "access_rules": [
          "$eldin1"
        ],
        "color": "#8b0000",
        "children": [
          {
            "name": "Lower Volcano",
            "sections": [
              {
                "name": "Mogma Hut Bombable Wall",
                "item_count": 1,
                "visibility_rules": [
                  "op_ow_on"
                ],
                "chest_unopened_img": "images/chestw.png",
                "chest_opened_img": "images/chestw_gray.png"
              },
              {
                "name": "Crawlspace Chest",
                "item_count": 1,
                "visibility_rules": [
                  "op_ow_on"
                ],
                "chest_unopened_img": "images/chestw.png",
                "chest_opened_img": "images/chestw_gray.png"
              },
              {
                "name": "Cliff Behind Bombable Wall",
                "item_count": 1,
                "visibility_rules": [
                  "op_ow_on"
                ],
                "chest_unopened_img": "images/chestw.png",
                "chest_opened_img": "images/chestw_gray.png"
              },
              {
                "name": "Cliff HP",
                "item_count": 1,
                "visibility_rules": [
                  "op_ow_on"
                ],
                "chest_unopened_img": "images/hp.png",
                "chest_opened_img": "images/hp_gray.png",
                "capture_item": true
              },
              {
                "name": "Cube: Eldin Entrance",
                "hosted_item": "cube_EE",
                "access_rules": [
                  "$cube_ee"
                ],
                "visibility_rules": [
                  "op_gc_on"
                ]
              },
              {
                "name": "Cube: Mogma Turf Entrance",
                "hosted_item": "cube_MTE",
                "access_rules": [
                  "$cube_mte"
                ],
                "visibility_rules": [
                  "op_gc_on"
                ]
              }
            ],
            "map_locations": [
              {
                "map": "overworld",
                "x": 260,
                "y": 90
              }
            ]
          },
          {
            "name": "Volcano Ascent",
            "sections": [
              {
                "name": "Ascent Bombable Wall",
                "access_rules": [
                  "$eldin2"
                ],
                "item_count": 1,
                "visibility_rules": [
                  "op_ow_on"
                ],
                "chest_unopened_img": "images/chestw.png",
                "chest_opened_img": "images/chestw_gray.png"
              },
              {
                "name": "Digging Spot near ET",
                "item_count": 1,
                "access_rules": [
                  "mitts"
                ],
                "visibility_rules": [
                  "op_ow_on"
                ],
                "chest_unopened_img": "images/keypiece.png",
                "chest_opened_img": "images/keypiece_gray.png"
              },
              {
                "name": "Digging Spot under Tower",
                "item_count": 1,
                "access_rules": [
                  "mitts"
                ],
                "visibility_rules": [
                  "op_ow_on"
                ],
                "chest_unopened_img": "images/keypiece.png",
                "chest_opened_img": "images/keypiece_gray.png"
              },
              {
                "name": "Digging Spot on Sandy Slopes",
                "item_count": 1,
                "access_rules": [
                  "mitts"
                ],
                "visibility_rules": [
                  "op_ow_on"
                ],
                "chest_unopened_img": "images/keypiece.png",
                "chest_opened_img": "images/keypiece_gray.png"
              },
              {
                "name": "Digging Spot after Vents",
                "item_count": 1,
                "access_rules": [
                  "mitts"
                ],
                "visibility_rules": [
                  "op_ow_on"
                ],
                "chest_unopened_img": "images/keypiece.png",
                "chest_opened_img": "images/keypiece_gray.png"
              },
              {
                "name": "Digging Spot after Draining Cave",
                "item_count": 1,
                "access_rules": [
                  "mitts"
                ],
                "visibility_rules": [
                  "op_ow_on"
                ],
                "chest_unopened_img": "images/keypiece.png",
                "chest_opened_img": "images/keypiece_gray.png"
              },
              {
                "name": "Eldin Silent Realm",
                "item_count": 1,
                "access_rules": [
                  "dp,harp"
                ],
                "visibility_rules": [
                  "op_sr_on"
                ],
                "chest_unopened_img": "images/earring.png",
                "chest_opened_img": "images/earring_gray.png"
              },
              {
                "name": "Cube: West of Temple Entrance",
                "hosted_item": "cube_ETW",
                "access_rules": [
                  "$cube_etw"
                ],
                "visibility_rules": [
                  "op_gc_on"
                ]
              },
              {
                "name": "Cube: East of Temple Entrance",
                "hosted_item": "cube_ETE",
                "access_rules": [
                  "$cube_ete"
                ],
                "visibility_rules": [
                  "op_gc_on"
                ]
              },
              {
                "name": "Cube: Eldin Slide",
                "hosted_item": "cube_ES",
                "access_rules": [
                  "$cube_es"
                ],
                "visibility_rules": [
                  "op_gc_on"
                ]
              }
            ],
            "map_locations": [
              {
                "map": "overworld",
                "x": 255,
                "y": 75
              }
            ]
          },
          {
            "name": "Mogma Turf",
            "sections": [
              {
                "name": "Free Fall Chest",
                "item_count": 1,
                "visibility_rules": [
                  "op_ow_on"
                ]
              },
              {
                "name": "Behind Bomb Wall",
                "item_count": 1,
                "visibility_rules": [
                  "op_ow_on"
                ]
              },
              {
                "name": "Sand Slide Chest",
                "item_count": 1,
                "access_rules": [
                  "mitts"
                ],
                "visibility_rules": [
                  "op_ow_on"
                ]
              },
              {
                "name": "Digging Mitts",
                "access_rules": [
                  "$bokoblin"
                ],
                "item_count": 1,
                "visibility_rules": [
                  "op_mq_on"
                ],
                "chest_unopened_img": "images/mitts_digging.png",
                "chest_opened_img": "images/mitts_digging_gray.png"
              },
              {
                "name": "Pyrup Maze Bomb Wall",
                "item_count": 1,
                "access_rules": [
                  "mitts"
                ],
                "visibility_rules": [
                  "op_ow_on"
                ]
              },
              {
                "name": "Cube: Mogma Turf",
                "hosted_item": "cube_MT",
                "access_rules": [
                  "$cube_mt"
                ],
                "visibility_rules": [
                  "op_gc_on"
                ]
              }
            ],
            "map_locations": [
              {
                "map": "overworld",
                "x": 280,
                "y": 90
              }
            ]
          },
          {
            "name": "Volcano Summit",
            "access_rules": [
              "$volcano"
            ],
            "color": "#a52a2a",
            "sections": [
              {
                "name": "Digging HP",
                "item_count": 1,
                "access_rules": [
                  "$bottle,mogma"
                ],
                "visibility_rules": [
                  "op_ow_on"
                ],
                "chest_unopened_img": "images/hp.png",
                "chest_opened_img": "images/hp_gray.png"
              },
              {
                "name": "Bombable Wall Waterfall",
                "item_count": 1,
                "access_rules": [
                  "cs"
                ],
                "visibility_rules": [
                  "op_ow_on"
                ]
              },
              {
                "name": "Cube: Volcano Summit",
                "hosted_item": "cube_VS",
                "access_rules": [
                  "$cube_vs"
                ],
                "visibility_rules": [
                  "op_gc_on"
                ]
              },
              {
                "name": "Cube: Summit Waterfall",
                "hosted_item": "cube_SW",
                "access_rules": [
                  "$cube_sw"
                ],
                "visibility_rules": [
                  "op_gc_on"
                ]
              },
              {
                "name": "Cube: Fire Sanctuary Entrance",
                "hosted_item": "cube_FSE",
                "access_rules": [
                  "$cube_fse"
                ],
                "visibility_rules": [
                  "op_gc_on"
                ]
              }
            ],
            "map_locations": [
              {
                "map": "overworld",
                "x": 300,
                "y": 40
              }
            ]
          }
        ]
      },
      {
        "name": "Lanayru",
        "access_rules": [
          "$lanayru1"
        ],
        "color": "#daa520",
        "children": [
          {
            "name": "Mines Entrance",
            "sections": [
              {
                "name": "Landing Chest",
                "item_count": 1,
                "access_rules": [
                  "cs"
                ],
                "visibility_rules": [
                  "op_ow_on"
                ]
              },
              {
                "name": "First Timeshift Chest",
                "item_count": 1,
                "visibility_rules": [
                  "op_ow_on"
                ],
                "chest_unopened_img": "images/chestw.png",
                "chest_opened_img": "images/chestw_gray.png"
              },
              {
                "name": "Statue Chest",
                "item_count": 1,
                "access_rules": [
                  "bomb",
                  "hook"
                ],
                "visibility_rules": [
                  "op_ow_on"
                ],
                "chest_unopened_img": "images/chestw.png",
                "chest_opened_img": "images/chestw_gray.png"
              },
              {
                "name": "End of Mines Chest",
                "item_count": 1,
                "access_rules": [
                  "bomb",
                  "hook"
                ],
                "visibility_rules": [
                  "op_ow_on"
                ]
              },
              {
                "name": "Cube: Mine Entrance",
                "hosted_item": "cube_LME",
                "access_rules": [
                  "$cube_lme"
                ],
                "visibility_rules": [
                  "op_gc_on"
                ]
              }
            ],
            "map_locations": [
              {
                "map": "overworld",
                "x": 200,
                "y": 190
              }
            ]
          },
          {
            "name": "Lanayru Desert",
            "sections": [
              {
                "name": "Party Wheel Chest",
                "item_count": 1,
                "access_rules": [
                  "bombs"
                ],
                "visibility_rules": [
                  "op_ow_on"
                ]
              },
              {
                "name": "Chest before Hook Beetle",
                "item_count": 1,
                "access_rules": [
                  "cs",
                  "bombs",
                  "hook"
                ],
                "visibility_rules": [
                  "op_ow_on"
                ]
              },
              {
                "name": "Hook Beetle",
                "item_count": 1,
                "access_rules": [
                  "bombs",
                  "hook"
                ],
                "visibility_rules": [
                  "op_mq_on"
                ],
                "chest_unopened_img": "images/beetle_hook.png",
                "chest_opened_img": "images/beetle_hook_gray.png"
              },
              {
                "name": "Secret Passage Chest",
                "item_count": 1,
                "access_rules": [
                  "$lanayru2,bombs"
                ],
                "visibility_rules": [
                  "op_ow_on"
                ]
              },
              {
                "name": "Chest atop LMF",
                "item_count": 1,
                "access_rules": [
                  "$dungeon_ld"
                ],
                "visibility_rules": [
                  "op_ow_on"
                ]
              },
              {
                "name": "Chest near Trial",
                "item_count": 1,
                "access_rules": [
                  "$lanayru2,cs"
                ],
                "visibility_rules": [
                  "op_ow_on"
                ]
              },
              {
                "name": "Chest Near Fire Node",
                "item_count": 1,
                "access_rules": [
                  "cs"
                ],
                "visibility_rules": [
                  "op_ow_on"
                ],
                "chest_unopened_img": "images/chestw.png",
                "chest_opened_img": "images/chestw_gray.png"
              },
              {
                "name": "Sand Oasis Chest",
                "item_count": 1,
                "access_rules": [
                  "cs"
                ],
                "visibility_rules": [
                  "op_ow_on"
                ],
                "chest_unopened_img": "images/chestw.png",
                "chest_opened_img": "images/chestw_gray.png"
              },
              {
                "name": "Lanayru Silent Realm",
                "item_count": 1,
                "access_rules": [
                  "$lanayru2,nw,harp"
                ],
                "visibility_rules": [
                  "op_sr_on"
                ],
                "chest_unopened_img": "images/clawshots.png",
                "chest_opened_img": "images/clawshots_gray.png"
              },
              {
                "name": "Cube: Sand Oasis",
                "hosted_item": "cube_SO",
                "access_rules": [
                  "$cube_so"
                ],
                "visibility_rules": [
                  "op_gc_on"
                ]
              },
              {
                "name": "Cube: Secret Passageway",
                "hosted_item": "cube_SP",
                "access_rules": [
                  "$cube_sp"
                ],
                "visibility_rules": [
                  "op_gc_on"
                ]
              },
              {
                "name": "Cube: Near Hook Beetle",
                "hosted_item": "cube_HBF",
                "access_rules": [
                  "$cube_hbf"
                ],
                "visibility_rules": [
                  "op_gc_on"
                ]
              }
            ],
            "map_locations": [
              {
                "map": "overworld",
                "x": 170,
                "y": 160
              }
            ]
          },
          {
            "name": "Lightning Node",
            "access_rules": [
              "$lanayru2,bombs"
            ],
            "sections": [
              {
                "name": "Maze Chests",
                "item_count": 2,
                "visibility_rules": [
                  "op_ow_on"
                ],
                "chest_unopened_img": "images/chestw.png",
                "chest_opened_img": "images/chestw_gray.png"
              },
              {
                "name": "End Chest",
                "item_count": 1,
                "visibility_rules": [
                  "op_ow_on"
                ]
              }
            ],
            "map_locations": [
              {
                "map": "overworld",
                "x": 170,
                "y": 120
              }
            ]
          },
          {
            "name": "Fire Node",
            "access_rules": [
              "$lanayru2"
            ],
            "sections": [
              {
                "name": "Shortcut Chest",
                "item_count": 1,
                "access_rules": [
                  "$ampilus"
                ],
                "visibility_rules": [
                  "op_ow_on"
                ]
              },
              {
                "name": "Maze Chests",
                "item_count": 2,
                "access_rules": [
                  "bombs"
                ],
                "visibility_rules": [
                  "op_ow_on"
                ],
                "chest_unopened_img": "images/chestw.png",
                "chest_opened_img": "images/chestw_gray.png"
              },
              {
                "name": "End Chests",
                "item_count": 2,
                "access_rules": [
                  "bombs,hook"
                ],
                "visibility_rules": [
                  "op_ow_on"
                ]
              }
            ],
            "map_locations": [
              {
                "map": "overworld",
                "x": 190,
                "y": 150
              }
            ]
          },
          {
            "name": "Lanayru Caves",
            "access_rules": [
              "$lanayru1,cs"
            ],
            "color": "#d2961e",
            "sections": [
              {
                "name": "Caves Chest",
                "item_count": 1,
                "visibility_rules": [
                  "op_ow_on"
                ]
              },
              {
                "name": "Golo",
                "item_count": 1,
                "visibility_rules": [
                  "op_mq_on"
                ],
                "chest_unopened_img": "images/smallkey.png",
                "chest_opened_img": "images/smallkey_gray.png"
              }
            ],
            "map_locations": [
              {
                "map": "overworld",
                "x": 140,
                "y": 170
              }
            ]
          },
          {
            "name": "Sand Sea",
            "access_rules": [
              "$sea"
            ],
            "color": "#ff8c00",
            "children": [
              {
                "name": "Ancient Harbour",
                "sections": [
                  {
                    "name": "Cube: Ancient Harbour",
                    "hosted_item": "cube_AH",
                    "access_rules": [
                      "$cube_ah"
                    ],
                    "visibility_rules": [
                      "op_gc_on"
                    ]
                  }
                ],
                "map_locations": [
                  {
                    "map": "overworld",
                    "x": 100,
                    "y": 180
                  }
                ]
              },
              {
                "name": "Skipper's Retreat",
                "sections": [
                  {
                    "name": "Skydive Chest",
                    "item_count": 1,
                    "access_rules": [
                      "whip,bow",
                      "whip,beetle",
                      "whip,sling"
                    ],
                    "visibility_rules": [
                      "op_ow_on"
                    ]
                  },
                  {
                    "name": "Moblin Chest",
                    "item_count": 1,
                    "access_rules": [
                      "bombs",
                      "hook",
                      "whip"
                    ],
                    "visibility_rules": [
                      "op_ow_on"
                    ],
                    "chest_unopened_img": "images/chestw.png",
                    "chest_opened_img": "images/chestw_gray.png"
                  },
                  {
                    "name": "Ruin Pillar",
                    "item_count": 1,
                    "access_rules": [
                      "whip,bow",
                      "whip,beetle",
                      "whip,sling"
                    ],
                    "visibility_rules": [
                      "op_ow_on"
                    ]
                  },
                  {
                    "name": "Skipper's Shack Chest",
                    "item_count": 1,
                    "access_rules": [
                      "whip,bow,bellows",
                      "whip,beetle,bellows",
                      "whip,sling,bellows"
                    ],
                    "visibility_rules": [
                      "op_ow_on"
                    ]
                  },
                  {
                    "name": "Cube: Skipper's Retreat",
                    "hosted_item": "cube_SR",
                    "access_rules": [
                      "$cube_sr"
                    ],
                    "visibility_rules": [
                      "op_gc_on"
                    ]
                  }
                ],
                "map_locations": [
                  {
                    "map": "overworld",
                    "x": 50,
                    "y": 200
                  }
                ]
              },
              {
                "name": "Shipyard",
                "sections": [
                  {
                    "name": "Rollercoaster Minigame",
                    "item_count": 1,
                    "access_rules": [
                      "$molderach"
                    ],
                    "visibility_rules": [
                      "op_mini_on"
                    ],
                    "chest_unopened_img": "images/hp.png",
                    "chest_opened_img": "images/hp_gray.png"
                  }
                ],
                "map_locations": [
                  {
                    "map": "overworld",
                    "x": 35,
                    "y": 185
                  }
                ]
              },
              {
                "name": "Pirate Stronghold",
                "sections": [
                  {
                    "name": "Pirates' Chests",
                    "item_count": 3,
                    "visibility_rules": [
                      "op_ow_on"
                    ]
                  },
                  {
                    "name": "Cube: Pirate Stronghold",
                    "hosted_item": "cube_PS",
                    "access_rules": [
                      "$cube_ps"
                    ],
                    "visibility_rules": [
                      "op_gc_on"
                    ]
                  }
                ],
                "map_locations": [
                  {
                    "map": "overworld",
                    "x": 40,
                    "y": 120
                  }
                ]
              }
            ]
          }
        ]
      }
    ]
  }
]