[
  {
    "name": "Sky",
    "chest_unopened_img": "images/chest.png",
    "chest_opened_img": "images/chest_gray.png",
    "children": [
      {
        "name": "Skyloft",
        "color": "#696969",
        "children": [
          {
            "name": "Academy",
            "sections": [
              {
                "name": "Fledge",
                "item_count": 1,
                "visibility_rules": [
                  "op_skyloft,op_gift"
                ],
                "chest_unopened_img": "images/adventure.png",
                "chest_opened_img": "images/adventure_gray.png"
              },
              {
                "name": "Owlan",
                "item_count": 1,
                "visibility_rules": [
                  "op_skyloft,op_gift"
                ],
                "chest_unopened_img": "images/shield_wooden.png",
                "chest_opened_img": "images/shield_wooden_gray.png"
              },
              {
                "name": "Sword Chest",
                "item_count": 1,
                "visibility_rules": [
                  "op_skyloft,op_misc"
                ],
                "chest_unopened_img": "images/chestb.png",
                "chest_opened_img": "images/chestb_gray.png"
              },
              {
                "name": "Pumpkin Archery",
                "item_count": 1,
                "access_rules": [
                  "bow"
                ],
                "visibility_rules": [
                  "op_skyloft,op_minig"
                ],
                "chest_unopened_img": "images/hp.png",
                "chest_opened_img": "images/hp_gray.png"
              },
              {
                "name": "Zelda HP",
                "item_count": 1,
                "access_rules": [
                  "claw"
                ],
                "visibility_rules": [
                  "op_skyloft,op_misc"
                ],
                "chest_unopened_img": "images/hp.png",
                "chest_opened_img": "images/hp_gray.png"
              },
              {
                "name": "Cawlin's Letter",
                "item_count": 1,
                "access_rules": [
                  "harp"
                ],
                "visibility_rules": [
                  "op_skyloft,op_short"
                ],
                "chest_unopened_img": "images/letter.png",
                "chest_opened_img": "images/letter_gray.png"
              },
              {
                "name": "Fledge Crystals",
                "item_count": 1,
                "access_rules": [
                  "mine,$bottle"
                ],
                "visibility_rules": [
                  "op_skyloft,op_lanayru,op_short,op_crys,op_dung,$notrace",
                  "op_skyloft,op_lanayru,op_short,op_crys,op_dung,op_race,lmf_r"
                ],
                "chest_unopened_img": "images/gratitude.png",
                "chest_opened_img": "images/gratitude_gray.png"
              },
              {
                "name": "Ghost/Pipit Crystals",
                "item_count": 1,
                "access_rules": [
                  "letter"
                ],
                "visibility_rules": [
                  "op_skyloft,op_fetch,op_crys"
                ],
                "chest_unopened_img": "images/gratitude.png",
                "chest_opened_img": "images/gratitude_gray.png"
              },
              {
                "name": "Owlan Crystals",
                "item_count": 1,
                "access_rules": [
                  "$faron,bombs"
                ],
                "visibility_rules": [
                  "op_skyloft,op_faron,op_long,op_scrap,op_crys,op_combat"
                ],
                "chest_unopened_img": "images/gratitude.png",
                "chest_opened_img": "images/gratitude_gray.png"
              },
              {
                "name": "Link's Room Single",
                "item_count": 1,
                "visibility_rules": [
                  "op_skyloft,op_bat"
                ],
                "chest_unopened_img": "images/gratitude.png",
                "chest_opened_img": "images/gratitude_gray.png"
              },
              {
                "name": "Zelda's Room Single",
                "item_count": 1,
                "access_rules": [
                  "cs"
                ],
                "visibility_rules": [
                  "op_skyloft,op_bat"
                ],
                "chest_unopened_img": "images/gratitude.png",
                "chest_opened_img": "images/gratitude_gray.png"
              },
              {
                "name": "Sparring Hall Single",
                "item_count": 1,
                "access_rules": [
                  "beetle"
                ],
                "visibility_rules": [
                  "op_skyloft,op_bat"
                ],
                "chest_unopened_img": "images/gratitude.png",
                "chest_opened_img": "images/gratitude_gray.png"
              },
              {
                "name": "Academy Plant Single",
                "item_count": 1,
                "visibility_rules": [
                  "op_skyloft,op_bat"
                ],
                "chest_unopened_img": "images/gratitude.png",
                "chest_opened_img": "images/gratitude_gray.png"
              }
            ],
            "map_locations": [
              {
                "map": "sky",
                "x": 970,
                "y": 690
              }
            ]
          },
          {
            "name": "Bazaar",
            "sections": [
              {
                "name": "Potion Lady",
                "item_count": 1,
                "visibility_rules": [
                  "op_skyloft,op_gift"
                ],
                "chest_unopened_img": "images/bottle.png",
                "chest_opened_img": "images/bottle_gray.png"
              },
              {
                "name": "Bazaar Goddess Chest",
                "item_count": 1,
                "access_rules": [
                  "cube_AH"
                ],
                "visibility_rules": [
                  "op_skyloft,op_cube,op_cube_ss"
                ]
              }
            ],
            "map_locations": [
              {
                "map": "sky",
                "x": 1000,
                "y": 730
              }
            ]
          },
          {
            "name": "Waterfall",
            "sections": [
              {
                "name": "Cave Chests",
                "access_rules": [
                  "ps",
                  "bombs"
                ],
                "item_count": 2,
                "visibility_rules": [
                  "op_skyloft,op_misc"
                ],
                "chest_unopened_img": "images/chestw.png",
                "chest_opened_img": "images/chestw_gray.png"
              },
              {
                "name": "Floating Island Goddess Chest",
                "item_count": 1,
                "access_rules": [
                  "cs,cube_Fl"
                ],
                "visibility_rules": [
                  "op_skyloft,op_cube,op_cube_lf"
                ]
              },
              {
                "name": "Waterfall Goddess Chest",
                "item_count": 1,
                "access_rules": [
                  "cs,cube_PS"
                ],
                "visibility_rules": [
                  "op_skyloft,op_cube,op_cube_ss,op_minid"
                ]
              },
              {
                "name": "Waterfall Cave Exit Single",
                "item_count": 1,
                "access_rules": [
                  "ps", "bombs", "beetle"
                ],
                "visibility_rules": [
                  "op_skyloft,op_bat"
                ],
                "chest_unopened_img": "images/gratitude.png",
                "chest_opened_img": "images/gratitude_gray.png"
              },
              {
                "name": "Loftwing Prison Single",
                "item_count": 1,
                "access_rules": [
                  "ps", "bombs", "beetle"
                ],
                "visibility_rules": [
                  "op_skyloft,op_bat"
                ],
                "chest_unopened_img": "images/gratitude.png",
                "chest_opened_img": "images/gratitude_gray.png"
              },
              {
                "name": "Waterfall Top Single",
                "item_count": 1,
                "access_rules": [
                  "cs"
                ],
                "visibility_rules": [
                  "op_skyloft,op_bat"
                ],
                "chest_unopened_img": "images/gratitude.png",
                "chest_opened_img": "images/gratitude_gray.png"
              }
            ],
            "map_locations": [
              {
                "map": "sky",
                "x": 1070,
                "y": 710
              }
            ]
          },
          {
            "name": "Goddess Statue",
            "sections": [
              {
                "name": "Goddess Sword",
                "item_count": 1,
                "visibility_rules": [
                  "op_skyloft,op_misc"
                ],
                "chest_unopened_img": "images/chestw.png",
                "chest_opened_img": "images/chestw_gray.png"
              },
              {
                "name": "Chest near Statue",
                "item_count": 1,
                "visibility_rules": [
                  "op_skyloft,op_misc"
                ],
                "chest_unopened_img": "images/chestw.png",
                "chest_opened_img": "images/chestw_gray.png"
              }
            ],
            "map_locations": [
              {
                "map": "sky",
                "x": 1005,
                "y": 645
              }
            ]
          },
          {
            "name": "Western Cliff Island",
            "sections": [
              {
                "name": "West Cliff Goddess Chest",
                "item_count": 1,
                "access_rules": [
                  "cube_WGT"
                ],
                "visibility_rules": [
                  "op_skyloft,op_cube,op_cube_fw"
                ]
              },
              {
                "name": "West Cliff Single",
                "item_count": 1,
                "visibility_rules": [
                  "op_skyloft,op_bat"
                ],
                "chest_unopened_img": "images/gratitude.png",
                "chest_opened_img": "images/gratitude_gray.png"
              }
            ],
            "map_locations": [
              {
                "map": "sky",
                "x": 965,
                "y": 795
              }
            ]
          },
          {
            "name": "Central Skyloft",
            "sections": [
              {
                "name": "Shed Chest",
                "item_count": 1,
                "access_rules": [
                  "wds"
                ],
                "visibility_rules": [
                  "op_skyloft,op_misc"
                ],
                "chest_unopened_img": "images/chestb.png",
                "chest_opened_img": "images/chestb_gray.png"
              },
              {
                "name": "Baby Rattle",
                "item_count": 1,
                "access_rules": [
                  "gust,claw",
                  "gust,$beedle,[claw]"
                ],
                "visibility_rules": [
                  "op_skyloft,op_freestand"
                ],
                "chest_unopened_img": "images/rattle.png",
                "chest_opened_img": "images/rattle_gray.png"
              },
              {
                "name": "Shed Goddess Chest",
                "item_count": 1,
                "access_rules": [
                  "wds,cube_ES"
                ],
                "visibility_rules": [
                  "op_skyloft,op_cube,op_cube_ev"
                ]
              },
              {
                "name": "Wyrna Crystals",
                "item_count": 1,
                "visibility_rules": [
                  "op_skyloft,op_gift,op_crys"
                ],
                "chest_unopened_img": "images/gratitude.png",
                "chest_opened_img": "images/gratitude_gray.png"
              },
              {
                "name": "Peater/Peatrice Crystals",
                "item_count": 1,
                "visibility_rules": [
                  "op_skyloft,op_long,op_crys,op_peat"
                ],
                "chest_unopened_img": "images/gratitude.png",
                "chest_opened_img": "images/gratitude_gray.png"
              },
              {
                "name": "Between Planks Single",
                "item_count": 1,
                "visibility_rules": [
                  "op_skyloft,op_bat"
                ],
                "chest_unopened_img": "images/gratitude.png",
                "chest_opened_img": "images/gratitude_gray.png"
              }
            ],
            "map_locations": [
              {
                "map": "sky",
                "x": 1035,
                "y": 730
              }
            ]
          },
          {
            "name": "Southern Plaza",
            "sections": [
              {
                "name": "Parrow Bottle",
                "item_count": 1,
                "visibility_rules": [
                  "op_skyloft,op_gift,op_short"
                ],
                "chest_unopened_img": "images/bottle.png",
                "chest_opened_img": "images/bottle_gray.png"
              },
              {
                "name": "Parrow Crystals",
                "item_count": 1,
                "access_rules": [
                  "$bottle"
                ],
                "visibility_rules": [
                  "op_skyloft,op_sky,op_short,op_crys"
                ],
                "chest_unopened_img": "images/gratitude.png",
                "chest_opened_img": "images/gratitude_gray.png"
              },
              {
                "name": "Skyloft Silent Realm",
                "item_count": 1,
                "access_rules": [
                  "$soth,harp"
                ],
                "visibility_rules": [
                  "op_sr"
                ],
                "chest_unopened_img": "images/stone.png",
                "chest_opened_img": "images/stone_gray.png"
              },
              {
                "name": "Parrow and Orielle's House Single",
                "item_count": 1,
                "visibility_rules": [
                  "op_skyloft,op_bat"
                ],
                "chest_unopened_img": "images/gratitude.png",
                "chest_opened_img": "images/gratitude_gray.png"
              },
              {
                "name": "Light Tower, Single",
                "item_count": 1,
                "visibility_rules": [
                  "op_skyloft,op_bat"
                ],
                "chest_unopened_img": "images/gratitude.png",
                "chest_opened_img": "images/gratitude_gray.png"
              }
            ],
            "map_locations": [
              {
                "map": "sky",
                "x": 1010,
                "y": 775
              }
            ]
          },
          {
            "name": "Eastern Skyloft",
            "sections": [
              {
                "name": "Mallara Crystals",
                "item_count": 1,
                "access_rules": [
                  "gust"
                ],
                "visibility_rules": [
                  "op_skyloft,op_short,op_crys"
                ],
                "chest_unopened_img": "images/gratitude.png",
                "chest_opened_img": "images/gratitude_gray.png"
              },
              {
                "name": "Baby Crystals",
                "item_count": 1,
                "access_rules": [
                  "rattle"
                ],
                "visibility_rules": [
                  "op_skyloft,op_fetch,op_crys"
                ],
                "chest_unopened_img": "images/gratitude.png",
                "chest_opened_img": "images/gratitude_gray.png"
              },
              {
                "name": "Sparrot Crystals",
                "item_count": 1,
                "access_rules": [
                  "$eldin2,cs"
                ],
                "visibility_rules": [
                  "op_skyloft,op_eldin,op_long,op_scrap,op_crys"
                ],
                "chest_unopened_img": "images/gratitude.png",
                "chest_opened_img": "images/gratitude_gray.png"
              },
              {
                "name": "Pumpkin Patch Single",
                "item_count": 1,
                "visibility_rules": [
                  "op_skyloft,op_bat"
                ],
                "chest_unopened_img": "images/gratitude.png",
                "chest_opened_img": "images/gratitude_gray.png"
              }
            ],
            "map_locations": [
              {
                "map": "sky",
                "x": 1070,
                "y": 755
              }
            ]
          },
          {
            "name": "Batreaux",
            "sections": [
              {
                "name": "5 Reward",
                "item_count": 1,
                "access_rules": [
                  "gratitude:5"
                ],
                "visibility_rules": [
                  "op_skyloft,op_bat"
                ],
                "chest_unopened_img": "images/wallet_medium.png",
                "chest_opened_img": "images/wallet_medium_gray.png"
              },
              {
                "name": "10 Reward",
                "item_count": 1,
                "access_rules": [
                  "gratitude:10"
                ],
                "visibility_rules": [
                  "op_skyloft,op_bat"
                ],
                "chest_unopened_img": "images/hp.png",
                "chest_opened_img": "images/hp_gray.png"
              },
              {
                "name": "30 Reward",
                "item_count": 1,
                "access_rules": [
                  "gratitude:30"
                ],
                "visibility_rules": [
                  "op_skyloft,op_bat"
                ],
                "chest_unopened_img": "images/wallet_big.png",
                "chest_opened_img": "images/wallet_big_gray.png"
              },
              {
                "name": "30 Chest",
                "item_count": 1,
                "access_rules": [
                  "gratitude:30"
                ],
                "visibility_rules": [
                  "op_skyloft,op_bat"
                ],
                "chest_unopened_img": "images/chestb.png",
                "chest_opened_img": "images/chestb_gray.png"
              },
              {
                "name": "40 Reward",
                "item_count": 1,
                "access_rules": [
                  "gratitude:40"
                ],
                "visibility_rules": [
                  "op_skyloft,op_bat"
                ],
                "chest_unopened_img": "images/rupee.png",
                "chest_opened_img": "images/rupee_gray.png"
              },
              {
                "name": "50 Reward",
                "item_count": 1,
                "access_rules": [
                  "gratitude:50"
                ],
                "visibility_rules": [
                  "op_skyloft,op_bat"
                ],
                "chest_unopened_img": "images/wallet_giant.png",
                "chest_opened_img": "images/wallet_giant_gray.png"
              },
              {
                "name": "70 Reward",
                "item_count": 1,
                "access_rules": [
                  "gratitude:70"
                ],
                "visibility_rules": [
                  "op_skyloft,op_bat"
                ],
                "chest_unopened_img": "images/rupee.png",
                "chest_opened_img": "images/rupee_gray.png"
              },
              {
                "name": "70 Reward 2",
                "item_count": 1,
                "access_rules": [
                  "gratitude:70"
                ],
                "visibility_rules": [
                  "op_skyloft,op_bat"
                ],
                "chest_unopened_img": "images/rupee.png",
                "chest_opened_img": "images/rupee_gray.png"
              },
              {
                "name": "80 Reward",
                "item_count": 1,
                "access_rules": [
                  "gratitude:80"
                ],
                "visibility_rules": [
                  "op_skyloft,op_bat"
                ],
                "chest_unopened_img": "images/wallet_tycoon.png",
                "chest_opened_img": "images/wallet_tycoon_gray.png"
              }
            ],
            "map_locations": [
              {
                "map": "sky",
                "x": 1050,
                "y": 785
              }
            ]
          }
        ]
      },
      {
        "name": "The Skies",
        "color": "#002366",
        "children": [
          {
            "name": "Lumpy Pumpkin",
            "sections": [
              {
                "name": "Awning Goddess Chest",
                "item_count": 1,
                "access_rules": [
                  "cube_SVS"
                ],
                "visibility_rules": [
                  "op_sky,op_cube,op_cube_fw,op_dung,$notrace",
                  "op_sky,op_cube,op_cube_fw,op_dung,op_race,sv_r"
                ]
              },
              {
                "name": "Lumpy Pumpkin Goddess Chest",
                "item_count": 1,
                "access_rules": [
                  "cube_Initial"
                ],
                "visibility_rules": [
                  "op_sky,op_cube,op_cube_fw"
                ]
              },
              {
                "name": "Chandelier HP",
                "item_count": 1,
                "visibility_rules": [
                  "op_sky,op_freestand"
                ],
                "chest_unopened_img": "images/hp.png",
                "chest_opened_img": "images/hp_gray.png",
                "capture_item": true
              },
              {
                "name": "Harp Minigame",
                "item_count": 1,
                "access_rules": [
                  "harp,$bottle"
                ],
                "visibility_rules": [
                  "op_sky,op_long,op_minig"
                ],
                "chest_unopened_img": "images/hp.png",
                "chest_opened_img": "images/hp_gray.png"
              },
              {
                "name": "Kina Crystals",
                "item_count": 1,
                "access_rules": [
                  "$bottle,harp,$eldin1"
                ],
                "visibility_rules": [
                  "op_sky,op_eldin,op_scrap,op_minig,op_long,op_crys"
                ],
                "chest_unopened_img": "images/gratitude.png",
                "chest_opened_img": "images/gratitude_gray.png"
              }
            ],
            "map_locations": [
              {
                "map": "sky",
                "x": 1450,
                "y": 950
              }
            ]
          },
          {
            "name": "Lumpy Pumpkin Crystals",
            "sections": [
              {
                "name": "Outside",
                "item_count": 1,
                "visibility_rules": [
                  "op_skyloft,op_bat"
                ],
                "chest_unopened_img": "images/gratitude.png",
                "chest_opened_img": "images/gratitude_gray.png"
              },
              {
                "name": "Inside",
                "item_count": 1,
                "visibility_rules": [
                  "op_skyloft,op_bat"
                ],
                "chest_unopened_img": "images/gratitude.png",
                "chest_opened_img": "images/gratitude_gray.png"
              }
            ],
            "map_locations": [
              {
                "map": "sky",
                "x": 1500,
                "y": 900
              }
            ]
          },
          {
            "name": "Beedle's Island",
            "sections": [
              {
                "name": "Bug Net",
                "hosted_item": "bugnet",
                "access_rules": [
                  "$beedle"
                ]
              },
              {
                "name": "Beedle Goddess Chest",
                "item_count": 1,
                "access_rules": [
                  "cube_ToT"
                ],
                "visibility_rules": [
                  "op_sky,op_cube,op_cube_ld"
                ]
              },
              {
                "name": "Caged Goddess Chest",
                "item_count": 1,
                "access_rules": [
                  "$beedle,cube_SV"
                ],
                "visibility_rules": [
                  "op_sky,op_cube,op_cube_fw"
                ]
              },
              {
                "name": "Beedle Crystals",
                "item_count": 1,
                "access_rules": [
                  "$beedle,hcb"
                ],
                "visibility_rules": [
                  "op_sky,op_fetch,op_crys"
                ],
                "chest_unopened_img": "images/gratitude.png",
                "chest_opened_img": "images/gratitude_gray.png"
              },
              {
                "name": "Beedle's Ship Single",
                "item_count": 1,
                "access_rules": [
                  "beetle"
                ],
                "visibility_rules": [
                  "op_skyloft,op_bat"
                ],
                "chest_unopened_img": "images/gratitude.png",
                "chest_opened_img": "images/gratitude_gray.png"
              }
            ],
            "map_locations": [
              {
                "map": "sky",
                "x": 1580,
                "y": 265
              }
            ]
          },
          {
            "name": "Fun Fun Island",
            "sections": [
              {
                "name": "Fun Fun Minigame",
                "item_count": 1,
                "access_rules": [
                  "$wheel"
                ],
                "visibility_rules": [
                  "op_sky,op_lanayru,op_minig,op_long,op_scrap"
                ],
                "chest_unopened_img": "images/hp.png",
                "chest_opened_img": "images/hp_gray.png"
              },
              {
                "name": "Dodoh Crystals",
                "item_count": 1,
                "access_rules": [
                  "$wheel"
                ],
                "visibility_rules": [
                  "op_sky,op_lanayru,op_long,op_scrap"
                ],
                "chest_unopened_img": "images/gratitude.png",
                "chest_opened_img": "images/gratitude_gray.png"
              },
              {
                "name": "Fun Fun Goddess Chest",
                "item_count": 1,
                "access_rules": [
                  "cube_FW"
                ],
                "visibility_rules": [
                  "op_sky,op_cube,op_cube_lf"
                ]
              }
            ],
            "map_locations": [
              {
                "map": "sky",
                "x": 475,
                "y": 970
              }
            ]
          },
          {
            "name": "Bamboo Island",
            "sections": [
              {
                "name": "Bamboo Goddess Chest",
                "item_count": 1,
                "access_rules": [
                  "cube_ETW"
                ],
                "visibility_rules": [
                  "op_sky,op_cube,op_cube_ev,op_bomb"
                ]
              }
            ],
            "map_locations": [
              {
                "map": "sky",
                "x": 1175,
                "y": 245
              }
            ]
          },
          {
            "name": "Nearby Island",
            "sections": [
              {
                "name": "Outside Goddess Chest",
                "item_count": 1,
                "access_rules": [
                  "cube_MTE"
                ],
                "visibility_rules": [
                  "op_sky,op_cube,op_cube_ev"
                ]
              },
              {
                "name": "Cave Goddess Chest",
                "item_count": 1,
                "access_rules": [
                  "wds,cube_SP"
                ],
                "visibility_rules": [
                  "op_sky,op_cube,op_cube_ld,op_bomb"
                ]
              }
            ],
            "map_locations": [
              {
                "map": "sky",
                "x": 1455,
                "y": 205
              }
            ]
          },
          {
            "name": "NE Island",
            "sections": [
              {
                "name": "Vines Goddess Chest",
                "item_count": 1,
                "access_rules": [
                  "cube_ETE"
                ],
                "visibility_rules": [
                  "op_sky,op_cube,op_cube_ev"
                ]
              },
              {
                "name": "Rocky Goddess Chest",
                "item_count": 1,
                "access_rules": [
                  "cube_LME,bombs"
                ],
                "visibility_rules": [
                  "op_sky,op_cube,op_cube_ld"
                ]
              }
            ],
            "map_locations": [
              {
                "map": "sky",
                "x": 1710,
                "y": 385
              }
            ]
          },
          {
            "name": "Volcanic Island",
            "sections": [
              {
                "name": "Inside Goddess Chest",
                "item_count": 1,
                "access_rules": [
                  "cube_EGTcs"
                ],
                "visibility_rules": [
                  "op_sky,op_cube,op_cube_fw"
                ]
              },
              {
                "name": "Outside Goddess Chest",
                "item_count": 1,
                "access_rules": [
                  "cube_SO"
                ],
                "visibility_rules": [
                  "op_sky,op_cube,op_cube_ld"
                ]
              }
            ],
            "map_locations": [
              {
                "map": "sky",
                "x": 875,
                "y": 1045
              }
            ]
          },
          {
            "name": "Faron Pillar Island",
            "sections": [
              {
                "name": "Pillar Goddess Chest",
                "item_count": 1,
                "access_rules": [
                  "cube_DW"
                ],
                "visibility_rules": [
                  "op_sky,op_cube,op_cube_fw"
                ]
              }
            ],
            "map_locations": [
              {
                "map": "sky",
                "x": 1025,
                "y": 1170
              }
            ]
          },
          {
            "name": "South of Thunderhead",
            "sections": [
              {
                "name": "Exposed Goddess Chest",
                "item_count": 1,
                "access_rules": [
                  "cube_EE"
                ],
                "visibility_rules": [
                  "op_sky,op_cube,op_cube_ev"
                ]
              },
              {
                "name": "Vines Goddess Chest",
                "item_count": 1,
                "access_rules": [
                  "cube_HBF"
                ],
                "visibility_rules": [
                  "op_sky,op_cube,op_cube_ld"
                ]
              },
              {
                "name": "Caged Goddess Chest",
                "item_count": 1,
                "access_rules": [
                  "claw,cube_SR"
                ],
                "visibility_rules": [
                  "op_sky,op_cube,op_cube_ss"
                ]
              }
            ],
            "map_locations": [
              {
                "map": "sky",
                "x": 365,
                "y": 880
              }
            ]
          },
          {
            "name": "Orielle's Island",
            "sections": [
              {
                "name": "Orielle Crystals",
                "item_count": 1,
                "access_rules": [
                  "$bottle"
                ],
                "visibility_rules": [
                  "op_sky,op_short,op_crys"
                ],
                "chest_unopened_img": "images/gratitude.png",
                "chest_opened_img": "images/gratitude_gray.png"
              }
            ],
            "map_locations": [
              {
                "map": "sky",
                "x": 645,
                "y": 870
              }
            ]
          },
          {
            "name": "SW Boulder",
            "sections": [
              {
                "name": "Boulder Chest",
                "item_count": 1,
                "access_rules": [
                  "spiral"
                ],
                "visibility_rules": [
                  "op_sky,op_spiral"
                ],
                "chest_unopened_img": "images/chestb.png",
                "chest_opened_img": "images/chestb_gray.png"
              }
            ],
            "map_locations": [
              {
                "map": "sky",
                "x": 330,
                "y": 940
              }
            ]
          },
          {
            "name": "SE Boulder",
            "sections": [
              {
                "name": "Boulder Chest",
                "item_count": 1,
                "access_rules": [
                  "spiral"
                ],
                "visibility_rules": [
                  "op_sky,op_spiral"
                ],
                "chest_unopened_img": "images/chestb.png",
                "chest_opened_img": "images/chestb_gray.png"
              }
            ],
            "map_locations": [
              {
                "map": "sky",
                "x": 1600,
                "y": 1080
              }
            ]
          }
        ]
      },
      {
        "name": "Thunderhead",
        "color": "#002366",
        "access_rules": [
          "$thunderhead"
        ],
        "children": [
          {
            "name": "Isle of Song",
            "sections": [
              {
                "name": "Farore's Courage",
                "item_count": 1,
                "access_rules": [
                  "gs"
                ],
                "visibility_rules": [
                  "op_thunderhead,op_songs"
                ]
              },
              {
                "name": "Nayru's Wisdom",
                "item_count": 1,
                "access_rules": [
                  "ls"
                ],
                "visibility_rules": [
                  "op_thunderhead,op_songs"
                ]
              },
              {
                "name": "Din's Power",
                "item_count": 1,
                "access_rules": [
                  "ws"
                ],
                "visibility_rules": [
                  "op_thunderhead,op_songs"
                ]
              },
              {
                "name": "Outside Goddess Chest",
                "item_count": 1,
                "access_rules": [
                  "cube_MT"
                ],
                "visibility_rules": [
                  "op_thunderhead,op_cube,op_cube_ev"
                ]
              },
              {
                "name": "Top Goddess Chest",
                "item_count": 1,
                "access_rules": [
                  "cube_FSE"
                ],
                "visibility_rules": [
                  "op_thunderhead,op_cube,op_cube_vs"
                ]
              }
            ],
            "map_locations": [
              {
                "map": "sky",
                "x": 370,
                "y": 280
              }
            ]
          },
          {
            "name": "East Thunderhead Island",
            "sections": [
              {
                "name": "Arch Chest",
                "item_count": 1,
                "visibility_rules": [
                  "op_thunderhead,op_misc"
                ],
                "chest_unopened_img": "images/chestb.png",
                "chest_opened_img": "images/chestb_gray.png"
              },
              {
                "name": "Arch Goddess Chest",
                "item_count": 1,
                "access_rules": [
                  "cube_EGTr"
                ],
                "visibility_rules": [
                  "op_thunderhead,op_cube,op_cube_fw"
                ]
              }
            ],
            "map_locations": [
              {
                "map": "sky",
                "x": 520,
                "y": 205
              }
            ]
          },
          {
            "name": "Bug Rock",
            "sections": [
              {
                "name": "Bug Minigame",
                "item_count": 1,
                "access_rules": [
                  "bugnet"
                ],
                "visibility_rules": [
                  "op_thunderhead,op_minig"
                ],
                "chest_unopened_img": "images/hcb.png",
                "chest_opened_img": "images/hcb_gray.png"
              },
              {
                "name": "Bug Goddess Chest",
                "item_count": 1,
                "access_rules": [
                  "cube_SW"
                ],
                "visibility_rules": [
                  "op_thunderhead,op_cube,op_cube_vs"
                ]
              }
            ],
            "map_locations": [
              {
                "map": "sky",
                "x": 250,
                "y": 510
              }
            ]
          },
          {
            "name": "Mogma Mitts Island",
            "sections": [
              {
                "name": "Vines Goddess Chest",
                "item_count": 1,
                "access_rules": [
                  "mogma,cube_VS"
                ],
                "visibility_rules": [
                  "op_thunderhead,op_cube,op_cube_vs"
                ]
              },
              {
                "name": "Caged Goddess Chest",
                "item_count": 0,
                "access_rules": [
                  "mitts,cube_LG"
                ],
                "visibility_rules": [
                  "op_thunderhead,op_cube,op_cube_ld"
                ]
              }
            ],
            "map_locations": [
              {
                "map": "sky",
                "x": 260,
                "y": 360
              }
            ]
          },
          {
            "name": "Levias",
            "sections": [
              {
                "name": "Bilocyte Fight",
                "item_count": 1,
                "access_rules": [
                  "ps,spiral"
                ],
                "visibility_rules": [
                  "op_thunderhead,op_sky,op_scrap,op_combat,op_songs"
                ],
                "chest_unopened_img": "images/hatp_soh.png",
                "chest_opened_img": "images/harp_soh_gray.png"
              }
            ],
            "map_locations": [
              {
                "map": "sky",
                "x": 520,
                "y": 400
              }
            ]
          }
        ]
      }
    ]
  }
]