{
  "dungeon_grid_shuffled": {
    "type": "array",
    "orientation": "vertical",
    "h_alignment": "center",
    "content": [
      {
        "type": "layout",
        "key": "dungeon_grid"
      },
      {
        "type": "itemgrid",
        "h_alignment": "left",
        "item_margin": "1,2",
        "rows": [
          [
            "sv",
            "et",
            "lmf",
            "ac",
            "ss",
            "fs",
            "sk"
          ]
        ]
      }
    ]
  }
}