{
  "tracker_capture_item": {
    "type": "container",
    "content": {
      "type": "itemgrid",
      "h_alignment": "center",
      "item_margin": "1,2",
      "rows": [
        [
          "sword0",
          "shield2",
          "spiral",
          "pouch",
          "bottlecapture"
        ],
        [
          "slingshot",
          "beetle",
          "bombs",
          "bellows",
          "stone"
        ],
        [
          "whip",
          "cs",
          "bow",
          "bugnet",
          "chart"
        ],
        [
          "kpcapture",
          "wds",
          "fse",
          "mitts",
          "wallet"
        ],
        [
          "letter",
          "hcb",
          "rattle",
          "gratcapture",
          "ewalletcap"
        ],
        [
          "amber",
          "ruby",
          "emerald",
          "harp"
        ],
        [
          "bog",
          "sohcapture",
          "fc",
          "nw",
          "dp"
        ],
        [
          "hpcapture",
          "hccapture",
          "rupee",
          "check",
          "x"
        ]
      ]
    }
  }
}