[
   {
    "name": "Skyview Temple Label",
    "type": "progressive",
    "allow_disabled": false,
    "loop": true,
    "stages": [
      {
        "img": "images/label_skyview.png",
        "codes": "skyview_label"
      },
      {
        "img": "images/label_skyviewO.png",
        "codes": "sv_r"
      }
    ]
  },
  {
    "name": "Skyview Temple Small Keys",
    "type": "consumable",
    "img": "images/smallkey.png",
    "codes": "skyviewsk",
    "max_quantity": 2
  },
  {
    "name": "Golden Carving",
    "type": "toggle",
    "img": "images/bk-st.png",
    "codes": "skyviewbk"
  },
  {
    "name": "Earth Temple Label",
    "type": "progressive",
    "allow_disabled": false,
    "loop": true,
    "stages": [
      {
        "img": "images/label_earth.png",
        "codes": "earth_label"
      },
      {
        "img": "images/label_earthO.png",
        "codes": "et_r"
      }
    ]
  },
  {
    "name": "Dragon Sculpture",
    "type": "toggle",
    "img": "images/bk-et.png",
    "codes": "earthbk"
  },
  {
    "name": "Lanayru Mining Facility Label",
    "type": "progressive",
    "allow_disabled": false,
    "loop": true,
    "stages": [
      {
        "img": "images/label_mine.png",
        "codes": "mine_label"
      },
      {
        "img": "images/label_mineO.png",
        "codes": "lmf_r"
      }
    ]
  },
  {
    "name": "Lanayru Mining Facility Small Keys",
    "type": "toggle",
    "img": "images/smallkey.png",
    "codes": "minesk"
  },
  {
    "name": "Ancient Circuit",
    "type": "toggle",
    "img": "images/bk-lmf.png",
    "codes": "minebk"
  },
  {
    "name": "Ancient Cistern Label",
    "type": "progressive",
    "allow_disabled": false,
    "loop": true,
    "stages": [
      {
        "img": "images/label_cistern.png",
        "codes": "cistern_label"
      },
      {
        "img": "images/label_cisternO.png",
        "codes": "ac_r"
      }
    ]
  },
  {
    "name": "Ancient Cistern Small Keys",
    "type": "consumable",
    "img": "images/smallkey.png",
    "codes": "cisternsk",
    "max_quantity": 2
  },
  {
    "name": "Blessed Idol",
    "type": "toggle",
    "img": "images/bk-ac.png",
    "codes": "cisternbk"
  },
  {
    "name": "Sandship Label",
    "type": "progressive",
    "allow_disabled": false,
    "loop": true,
    "stages": [
      {
        "img": "images/label_ship.png",
        "codes": "sandship_label"
      },
      {
        "img": "images/label_shipO.png",
        "codes": "ss_r"
      }
    ]
  },
  {
    "name": "Sandship Small Keys",
    "type": "consumable",
    "img": "images/smallkey.png",
    "codes": "sandshipsk,shipsk",
    "max_quantity": 2
  },
  {
    "name": "Squid Carving",
    "type": "toggle",
    "img": "images/bk-ss.png",
    "codes": "sandshipbk,shipbk"
  },
  {
    "name": "Fire Sanctuary Label",
    "type": "progressive",
    "allow_disabled": false,
    "loop": true,
    "stages": [
      {
        "img": "images/label_sanc.png",
        "codes": "sanc_label"
      },
      {
        "img": "images/label_sancO.png",
        "codes": "fs_r"
      }
    ]
  },
  {
    "name": "Fire Sanctuary Small Keys",
    "type": "consumable",
    "img": "images/smallkey.png",
    "codes": "sancsk",
    "max_quantity": 3
  },
  {
    "name": "Mysterious Crystals",
    "type": "toggle",
    "img": "images/bk-fs.png",
    "codes": "sancbk"
  },
  {
    "name": "Sky Keep Label",
    "type": "progressive",
    "allow_disabled": false,
    "loop": true,
    "stages": [
      {
        "img": "images/label_keep.png",
        "codes": "skykeep_label"
      },
      {
        "img": "images/label_keepO.png",
        "codes": "sk_r"
      }
    ]
  },
  {
    "name": "Sky Keep Small Keys",
    "type": "toggle",
    "img": "images/smallkey.png",
    "codes": "skykeepsk"
  },
  {
    "name": "Triforce Pieces",
    "type": "consumable",
    "max_quantity": 3,
    "img": "images/triforcePiece.png",
    "codes": "tri"
  },
  {
    "name": "Lanayru Caves Label",
    "type": "static",
    "img": "images/label_cave.png",
    "codes": "cave_label"
  },
  {
    "name": "Lanayru Caves Small Key",
    "type": "toggle",
    "img": "images/smallkey.png",
    "codes": "cavesk,cavessk"
  },
  {
    "name": "Map Capture",
    "type": "toggle",
    "img": "images/map.png",
    "codes": "map"
  },
  {
    "name": "Small Key Capture",
    "type": "toggle",
    "img": "images/smallkey.png",
    "codes": "smallkey"
  },
  {
    "name": "Skyview Complete",
    "type": "toggle",
    "img": "images/c_sv.png",
    "codes": "skyview",
    "disabled_img_mods": "dim,halfdim,grayscale"
  },
  {
    "name": "Earth Temple Complete",
    "type": "toggle",
    "img": "images/c_et.png",
    "codes": "earth",
    "disabled_img_mods": "dim,halfdim,grayscale"
  },
  {
    "name": "Mining Facility Complete",
    "type": "toggle",
    "img": "images/c_lmf.png",
    "codes": "mine",
    "disabled_img_mods": "dim,halfdim,grayscale"
  },
  {
    "name": "Ancient Cistern Complete",
    "type": "toggle",
    "img": "images/c_ac.png",
    "codes": "cistern",
    "disabled_img_mods": "dim,halfdim,grayscale"
  },
  {
    "name": "Sanship Complete",
    "type": "toggle",
    "img": "images/c_ss.png",
    "codes": "sandship",
    "disabled_img_mods": "dim,halfdim,grayscale"
  },
  {
    "name": "Fire Sanctuary Complete",
    "type": "toggle",
    "img": "images/c_fs.png",
    "codes": "sanc",
    "disabled_img_mods": "dim,halfdim,grayscale"
  },
  {
    "name": "Skykeep Complete",
    "type": "toggle",
    "img": "images/c_sk.png",
    "codes": "skykeep",
    "disabled_img_mods": "dim,halfdim,grayscale"
  },
  {
    "name": "Skyview Entrance",
    "type": "progressive",
    "loop": true,
    "allow_disabled": false,
    "stages": [
      {
        "img": "images/ent_unknown.png",
        "codes": "sv"
      },
      {
        "img": "images/ent_dw.png",
        "inherit_codes": false,
        "codes": "sv,sv_dw"
      },
      {
        "img": "images/ent_ev.png",
        "inherit_codes": false,
        "codes": "sv,sv_ev"
      },
      {
        "img": "images/ent_ld.png",
        "inherit_codes": false,
        "codes": "sv,sv_ld"
      },
      {
        "img": "images/ent_lf.png",
        "inherit_codes": false,
        "codes": "sv,sv_lf"
      },
      {
        "img": "images/ent_ss.png",
        "inherit_codes": false,
        "codes": "sv,sv_ss"
      },
      {
        "img": "images/ent_vs.png",
        "inherit_codes": false,
        "codes": "sv,sv_vs"
      },
      {
        "img": "images/ent_sl.png",
        "inherit_codes": false,
        "codes": "sv,sv_sl"
      }
    ]
  },
  {
    "name": "Earth Temple Entrance",
    "type": "progressive",
    "loop": true,
    "allow_disabled": false,
    "stages": [
      {
        "img": "images/ent_unknown.png",
        "codes": "et"
      },
      {
        "img": "images/ent_dw.png",
        "inherit_codes": false,
        "codes": "et,et_dw"
      },
      {
        "img": "images/ent_ev.png",
        "inherit_codes": false,
        "codes": "et,et_ev"
      },
      {
        "img": "images/ent_ld.png",
        "inherit_codes": false,
        "codes": "et,et_ld"
      },
      {
        "img": "images/ent_lf.png",
        "inherit_codes": false,
        "codes": "et,et_lf"
      },
      {
        "img": "images/ent_ss.png",
        "inherit_codes": false,
        "codes": "et,et_ss"
      },
      {
        "img": "images/ent_vs.png",
        "inherit_codes": false,
        "codes": "et,et_vs"
      },
      {
        "img": "images/ent_sl.png",
        "inherit_codes": false,
        "codes": "et,et_sl"
      }
    ]
  },
  {
    "name": "Mining Facility Entrance",
    "type": "progressive",
    "loop": true,
    "allow_disabled": false,
    "inherit_codes": false,
    "stages": [
      {
        "img": "images/ent_unknown.png",
        "codes": "lmf"
      },
      {
        "img": "images/ent_dw.png",
        "inherit_codes": false,
        "codes": "lmf,lmf_dw"
      },
      {
        "img": "images/ent_ev.png",
        "inherit_codes": false,
        "codes": "lmf,lmf_ev"
      },
      {
        "img": "images/ent_ld.png",
        "inherit_codes": false,
        "codes": "lmf,lmf_ld"
      },
      {
        "img": "images/ent_lf.png",
        "inherit_codes": false,
        "codes": "lmf,lmf_lf"
      },
      {
        "img": "images/ent_ss.png",
        "inherit_codes": false,
        "codes": "lmf,lmf_ss"
      },
      {
        "img": "images/ent_vs.png",
        "inherit_codes": false,
        "codes": "lmf,lmf_vs"
      },
      {
        "img": "images/ent_sl.png",
        "inherit_codes": false,
        "codes": "lmf,lmf_sl"
      }
    ]
  },
  {
    "name": "Ancient Cistern Entrance",
    "type": "progressive",
    "loop": true,
    "allow_disabled": false,
    "inherit_codes": false,
    "stages": [
      {
        "img": "images/ent_unknown.png",
        "codes": "ac"
      },
      {
        "img": "images/ent_dw.png",
        "inherit_codes": false,
        "codes": "ac,ac_dw"
      },
      {
        "img": "images/ent_ev.png",
        "inherit_codes": false,
        "codes": "ac,ac_ev"
      },
      {
        "img": "images/ent_ld.png",
        "inherit_codes": false,
        "codes": "ac,ac_ld"
      },
      {
        "img": "images/ent_lf.png",
        "inherit_codes": false,
        "codes": "ac,ac_lf"
      },
      {
        "img": "images/ent_ss.png",
        "inherit_codes": false,
        "codes": "ac,ac_ss"
      },
      {
        "img": "images/ent_vs.png",
        "inherit_codes": false,
        "codes": "ac,ac_vs"
      },
      {
        "img": "images/ent_sl.png",
        "inherit_codes": false,
        "codes": "ac,ac_sl"
      }
    ]
  },
  {
    "name": "Sandship Entrance",
    "type": "progressive",
    "loop": true,
    "allow_disabled": false,
    "inherit_codes": false,
    "stages": [
      {
        "img": "images/ent_unknown.png",
        "codes": "ss"
      },
      {
        "img": "images/ent_dw.png",
        "inherit_codes": false,
        "codes": "ss,ss_dw"
      },
      {
        "img": "images/ent_ev.png",
        "inherit_codes": false,
        "codes": "ss,ss_ev"
      },
      {
        "img": "images/ent_ld.png",
        "inherit_codes": false,
        "codes": "ss,ss_ld"
      },
      {
        "img": "images/ent_lf.png",
        "inherit_codes": false,
        "codes": "ss,ss_lf"
      },
      {
        "img": "images/ent_ss.png",
        "inherit_codes": false,
        "codes": "ss,ss_ss"
      },
      {
        "img": "images/ent_vs.png",
        "inherit_codes": false,
        "codes": "ss,ss_vs"
      },
      {
        "img": "images/ent_sl.png",
        "inherit_codes": false,
        "codes": "ss,ss_sl"
      }
    ]
  },
  {
    "name": "Fire Sanc Entrance",
    "type": "progressive",
    "loop": true,
    "allow_disabled": false,
    "inherit_codes": false,
    "stages": [
      {
        "img": "images/ent_unknown.png",
        "codes": "fs"
      },
      {
        "img": "images/ent_dw.png",
        "inherit_codes": false,
        "codes": "fs,fs_dw"
      },
      {
        "img": "images/ent_ev.png",
        "inherit_codes": false,
        "codes": "fs,fs_ev"
      },
      {
        "img": "images/ent_ld.png",
        "inherit_codes": false,
        "codes": "fs,fs_ld"
      },
      {
        "img": "images/ent_lf.png",
        "inherit_codes": false,
        "codes": "fs,fs_lf"
      },
      {
        "img": "images/ent_ss.png",
        "inherit_codes": false,
        "codes": "fs,fs_ss"
      },
      {
        "img": "images/ent_vs.png",
        "inherit_codes": false,
        "codes": "fs,fs_vs"
      },
      {
        "img": "images/ent_sl.png",
        "inherit_codes": false,
        "codes": "fs,fs_sl"
      }
    ]
  },
  {
    "name": "Skykeep Entrance",
    "type": "progressive",
    "loop": true,
    "allow_disabled": false,
    "inherit_codes": false,
    "stages": [
      {
        "img": "images/ent_unknown.png",
        "codes": "sk"
      },
      {
        "img": "images/ent_dw.png",
        "inherit_codes": false,
        "codes": "sk,sk_dw"
      },
      {
        "img": "images/ent_ev.png",
        "inherit_codes": false,
        "codes": "sk,sk_ev"
      },
      {
        "img": "images/ent_ld.png",
        "inherit_codes": false,
        "codes": "sk,sk_ld"
      },
      {
        "img": "images/ent_lf.png",
        "inherit_codes": false,
        "codes": "sk,sk_lf"
      },
      {
        "img": "images/ent_ss.png",
        "inherit_codes": false,
        "codes": "sk,sk_ss"
      },
      {
        "img": "images/ent_vs.png",
        "inherit_codes": false,
        "codes": "sk,sk_vs"
      },
      {
        "img": "images/ent_sl.png",
        "inherit_codes": false,
        "codes": "sk,sk_sl"
      }
    ]
  },
  {
    "name": "Demise",
    "type": "toggle",
    "img": "images/demise.png",
    "codes": "demise"
  }
]