[
  {
    "name": "Wallet Upgrades",
    "type": "progressive",
    "allow_disabled": false,
    "stages": [
      {
        "img": "images/wallet_small.png",
        "codes": "wallet"
      },
      {
        "img": "images/wallet_medium.png",
        "codes": "wallet,wallet1,wallet_med"
      },
      {
        "img": "images/wallet_big.png",
        "codes": "bigwallet,wallet2,wallet_big"
      },
      {
        "img": "images/wallet_giant.png",
        "codes": "giantwallet,wallet3,wallet_giant"
      },
      {
        "img": "images/wallet_tycoon.png",
        "codes": "tycoonwallet,wallet4,wallet_tycoon"
      }
    ]
  },
  {
    "name": "Heart Pieces",
    "type": "consumable",
    "img": "images/hp.png",
    "codes": "HP,PoH",
    "max_quantity": 24
  },
  {
    "name": "Heart Containers",
    "type": "consumable",
    "img": "images/hc.png",
    "codes": "HC",
    "max_quantity": 6
  },
  {
    "name": "Rupee",
    "type": "toggle",
    "img": "images/rupee.png",
    "codes": "rupee"
  },
  {
    "name": "Emerald Tablet",
    "type": "toggle",
    "img": "images/tab_em.png",
    "codes": "emerald"
  },
  {
    "name": "Ruby Tablet",
    "type": "toggle",
    "img": "images/tab_rb.png",
    "codes": "ruby"
  },
  {
    "name": "Amber Tablet",
    "type": "toggle",
    "img": "images/tab_am.png",
    "codes": "amber"
  },
  {
    "name": "Adventure Pouch",
    "type": "toggle",
    "img": "images/adventure.png",
    "codes": "adventure,pouch,ap"
  },
  {
    "name": "Baby Rattle",
    "type": "toggle",
    "img": "images/rattle.png",
    "codes": "rattle"
  },
  {
    "name": "Cawlin's Letter",
    "type": "toggle",
    "img": "images/letter.png",
    "codes": "cawlin,letter"
  },
  {
    "name": "Hornet Colossus Beetle",
    "type": "toggle",
    "img": "images/hcb.png",
    "codes": "hcb"
  },
  {
    "name": "Stone of Trials",
    "type": "toggle",
    "img": "images/stone.png",
    "codes": "stone,sot,trials"
  },
  {
    "name": "Sea Chart",
    "type": "toggle",
    "img": "images/seachart.png",
    "codes": "seachart,chart"
  },
  {
    "name": "Goddess Harp",
    "type": "toggle",
    "img": "images/harp.png",
    "codes": "harp"
  },
  {
    "name": "Ballad of the Goddess",
    "type": "toggle",
    "img": "images/harp_bog.png",
    "codes": "bog"
  },
  {
    "name": "Farore's Courage",
    "type": "toggle",
    "img": "images/harp_fc.png",
    "codes": "fc"
  },
  {
    "name": "Nayru's Wisdom",
    "type": "toggle",
    "img": "images/harp_nw.png",
    "codes": "nw"
  },
  {
    "name": "Din's Power",
    "type": "toggle",
    "img": "images/harp_dp.png",
    "codes": "dp"
  },
  {
    "name": "Faron Song of the Hero",
    "type": "toggle",
    "img": "images/soh_f.png",
    "codes": "sohf"
  },
  {
    "name": "Eldin Song of the Hero",
    "type": "toggle",
    "img": "images/soh_e.png",
    "codes": "sohe"
  },
  {
    "name": "Lanayru Song of the Hero",
    "type": "toggle",
    "img": "images/soh_l.png",
    "codes": "sohl"
  },
  {
    "name": "Complete Song of the Hero",
    "type": "toggle",
    "img": "images/harp_soh.png",
    "codes": "sohc"
  },
  {
    "name": "Song of the Hero",
    "type": "consumable",
    "max_quantity": 3,
    "img": "images/harp_soh.png",
    "codes": "soh"
  },
  {
    "name": "Key Piece",
    "type": "consumable",
    "max_quantity": 5,
    "img": "images/keypiece.png",
    "codes": "kp"
  },
  {
    "name": "Gratitude Crystals",
    "type": "consumable",
    "max_quantity": 80,
    "img": "images/gratitude.png",
    "codes": "grat,gratitude",
    "increment": 5
  },
  {
    "name": "Goddess Cube Initial",
    "type": "toggle",
    "img": "images/cube.png",
    "codes": "cube_Initial"
  },
  {
    "name": "Goddess Cube West Great Tree",
    "type": "toggle",
    "img": "images/cube.png",
    "codes": "cube_WGT"
  },
  {
    "name": "Goddess Cube East Great Tree Rope",
    "type": "toggle",
    "img": "images/cube.png",
    "codes": "cube_EGTr"
  },
  {
    "name": "Goddess Cube East Great Tree Clawshot",
    "type": "toggle",
    "img": "images/cube.png",
    "codes": "cube_EGTcs"
  },
  {
    "name": "Goddess Cube Deep Woods",
    "type": "toggle",
    "img": "images/cube.png",
    "codes": "cube_DW"
  },
  {
    "name": "Goddess Cube atop Skyview",
    "type": "toggle",
    "img": "images/cube.png",
    "codes": "cube_SV"
  },
  {
    "name": "Goddess Cube Skyview Spring",
    "type": "toggle",
    "img": "images/cube.png",
    "codes": "cube_SVS"
  },
  {
    "name": "Goddess Cube Lake Floria",
    "type": "toggle",
    "img": "images/cube.png",
    "codes": "cube_Fl"
  },
  {
    "name": "Goddess Cube Floria Waterfall",
    "type": "toggle",
    "img": "images/cube.png",
    "codes": "cube_FW"
  },
  {
    "name": "Goddess Cube Eldin Entrance",
    "type": "toggle",
    "img": "images/cube.png",
    "codes": "cube_EE"
  },
  {
    "name": "Goddess Cube Mogma Turf Entrance",
    "type": "toggle",
    "img": "images/cube.png",
    "codes": "cube_MTE"
  },
  {
    "name": "Goddess Cube Mogma Turf",
    "type": "toggle",
    "img": "images/cube.png",
    "codes": "cube_MT"
  },
  {
    "name": "Goddess Cube West of Earth Temple",
    "type": "toggle",
    "img": "images/cube.png",
    "codes": "cube_ETW"
  },
  {
    "name": "Goddess Cube East of Earth Temple",
    "type": "toggle",
    "img": "images/cube.png",
    "codes": "cube_ETE"
  },
  {
    "name": "Goddess Cube Eldin Slides",
    "type": "toggle",
    "img": "images/cube.png",
    "codes": "cube_ES"
  },
  {
    "name": "Goddess Cube Volcano Summit",
    "type": "toggle",
    "img": "images/cube.png",
    "codes": "cube_VS"
  },
  {
    "name": "Goddess Cube Summit Waterfall",
    "type": "toggle",
    "img": "images/cube.png",
    "codes": "cube_SW"
  },
  {
    "name": "Goddess Cube Fire Sanc Entrance",
    "type": "toggle",
    "img": "images/cube.png",
    "codes": "cube_FSE"
  },
  {
    "name": "Goddess Cube Lanayru Mines Entrance",
    "type": "toggle",
    "img": "images/cube.png",
    "codes": "cube_LME"
  },
  {
    "name": "Goddess Cube Sand Oasis",
    "type": "toggle",
    "img": "images/cube.png",
    "codes": "cube_SO"
  },
  {
    "name": "Goddess Cube Temple of Time",
    "type": "toggle",
    "img": "images/cube.png",
    "codes": "cube_ToT"
  },
  {
    "name": "Goddess Cube Secret Passageway",
    "type": "toggle",
    "img": "images/cube.png",
    "codes": "cube_SP"
  },
  {
    "name": "Goddess Cube Hook Beetle Flight",
    "type": "toggle",
    "img": "images/cube.png",
    "codes": "cube_HBF"
  },
  {
    "name": "Goddess Cube Ancient Harbour",
    "type": "toggle",
    "img": "images/cube.png",
    "codes": "cube_AH"
  },
  {
    "name": "Goddess Cube Skipper's Retreat",
    "type": "toggle",
    "img": "images/cube.png",
    "codes": "cube_SR"
  },
  {
    "name": "Goddess Cube Pirate Stronghold",
    "type": "toggle",
    "img": "images/cube.png",
    "codes": "cube_PS"
  },
  {
    "name": "Goddess Cube Lanayru Gorge",
    "type": "toggle",
    "img": "images/cube.png",
    "codes": "cube_LG"
  },
  {
    "name": "Dungeon Checks",
    "type": "progressive",
    "allow_disabled": false,
    "loop": true,
    "stages": [
      {
        "img": "images/op_dungeon_on.png",
        "codes": "op_dung_on"
      },
      {
        "img": "images/op_dungeon_off.png",
        "codes": "op_dung_off",
        "inherit_codes": false
      }
    ]
  },
  {
    "name": "Overworld Checks",
    "type": "progressive",
    "allow_disabled": false,
    "loop": true,
    "stages": [
      {
        "img": "images/op_overworld_on.png",
        "codes": "op_ow_on"
      },
      {
        "img": "images/op_overworld_off.png",
        "codes": "op_ow_off",
        "inherit_codes": false
      }
    ]
  },
  {
    "name": "Goddess Chests",
    "type": "progressive",
    "allow_disabled": false,
    "loop": true,
    "stages": [
      {
        "img": "images/op_goddess_on.png",
        "codes": "op_gc_on"
      },
      {
        "img": "images/op_goddess_off.png",
        "codes": "op_gc_off",
        "inherit_codes": false
      }
    ]
  },
  {
    "name": "Main Quest Checks",
    "type": "progressive",
    "allow_disabled": false,
    "loop": true,
    "stages": [
      {
        "img": "images/op_quest_on.png",
        "codes": "op_mq_on"
      },
      {
        "img": "images/op_quest_off.png",
        "codes": "op_mq_off",
        "inherit_codes": false
      }
    ]
  },
  {
    "name": "Sidequests",
    "type": "progressive",
    "allow_disabled": false,
    "loop": true,
    "stages": [
      {
        "img": "images/op_sidequest_on.png",
        "codes": "op_sq_on"
      },
      {
        "img": "images/op_sidequest_off.png",
        "codes": "op_sq_off",
        "inherit_codes": false
      }
    ]
  },
  {
    "name": "Batreaux",
    "type": "progressive",
    "allow_disabled": false,
    "loop": true,
    "stages": [
      {
        "img": "images/op_batreaux_on.png",
        "codes": "op_bat_on"
      },
      {
        "img": "images/op_batreaux_off.png",
        "codes": "op_bat_off",
        "inherit_codes": false
      }
    ]
  },
  {
    "name": "Silent Realms",
    "type": "progressive",
    "allow_disabled": false,
    "loop": true,
    "stages": [
      {
        "img": "images/op_silent_on.png",
        "codes": "op_sr_on"
      },
      {
        "img": "images/op_silent_off.png",
        "codes": "op_sr_off",
        "inherit_codes": false
      }
    ]
  },
  {
    "name": "Minigames",
    "type": "progressive",
    "allow_disabled": false,
    "loop": true,
    "stages": [
      {
        "img": "images/op_mini_on.png",
        "codes": "op_mini_on"
      },
      {
        "img": "images/op_mini_off.png",
        "codes": "op_mini_off",
        "inherit_codes": false
      }
    ]
  },
  {
    "name": "Race Mode",
    "type": "progressive",
    "allow_disabled": false,
    "loop": true,
    "stages": [
      {
        "img": "images/op_race_off.png",
        "codes": "op_race_off"
      },
      {
        "img": "images/op_race_on.png",
        "codes": "op_race_on",
        "inherit_codes": false
      }
    ]
  }
]