[
  {
    "name": "World",
    "chest_unopened_img": "images/chestb.png",
    "chest_opened_img": "images/chestb_gray.png",
    "children": [
      {
        "name": "Skyview Temple",
        "color": "#006400",
        "sections": [
          {
            "name": "Map Chest",
            "item_count": 1,
            "access_rules": [
              "$skyview_acc,$skyview_first,[$skyview_left]"
            ],
            "visibility_rules": [
              "op_faron,op_dung,$notrace",
              "sv_r"
            ]
          },
          {
            "name": "Small Key Digspot",
            "item_count": 1,
            "access_rules": [
              "$skyview_acc,$skyview_first,$skyview_high,mitts,[wds]"
            ],
            "visibility_rules": [
              "op_faron,op_dung,$notrace",
              "sv_r"
            ],
            "chest_unopened_img": "images/smallkey.png",
            "chest_opened_img": "images/smallkey_gray.png"
          },
          {
            "name": "Behind Two Eyes",
            "item_count": 1,
            "access_rules": [
              "$skyview_acc,$skyview_first,$skyview_high,ps"
            ],
            "visibility_rules": [
              "op_faron,op_dung,$notrace",
              "sv_r"
            ]
          },
          {
            "name": "Beetle Chest",
            "item_count": 1,
            "access_rules": [
              "$skyview_acc,skyviewsk:1,ps,sling",
              "$skyview_acc,skyviewsk:1,ps,cs",
              "$skyview_acc,skyviewsk:1,ps,beetle",
              "$skyview_acc,skyviewsk:1,ps,bow",
              "$skyview_acc,skyviewsk:1,wds,bombs,sling",
              "$skyview_acc,skyviewsk:1,wds,bombs,cs",
              "$skyview_acc,skyviewsk:1,wds,bombs,beetle",
              "$skyview_acc,skyviewsk:1,wds,bombs,bow",
              "$skyview_acc,[skyviewsk:1],ps,sling,t_bit",
              "$skyview_acc,[skyviewsk:1],ps,cs,t_bit",
              "$skyview_acc,[skyviewsk:1],ps,beetle,t_bit",
              "$skyview_acc,[skyviewsk:1],ps,bow,t_bit",
              "$skyview_acc,[skyviewsk:1],wds,bombs,sling,t_bit",
              "$skyview_acc,[skyviewsk:1],wds,bombs,cs,t_bit",
              "$skyview_acc,[skyviewsk:1],wds,bombs,beetle,t_bit",
              "$skyview_acc,[skyviewsk:1],wds,bombs,bow,t_bit"
            ],
            "visibility_rules": [
              "op_faron,op_dung,$notrace",
              "sv_r"
            ]
          },
          {
            "name": "Behind Bars in Hub",
            "item_count": 1,
            "access_rules": [
              "$skyview_acc,$skyview_first,beetle,skyviewsk:1",
              "$skyview_acc,$skyview_first,whip,[beetle],skyviewsk:1",
              "$skyview_acc,$skyview_first,slingshot,[beetle],skyviewsk:1,t_trickshot",
              "$skyview_acc,$skyview_first,slingshot,[beetle],[skyviewsk:1],t_trickshot,t_bit",
              "$skyview_acc,$skyview_first,whip,[beetle],[skyviewsk:1],t_bit"
            ],
            "visibility_rules": [
              "op_faron,op_dung,$notrace",
              "sv_r"
            ],
            "capture_item": true,
            "chest_unopened_img": "images/hp.png",
            "chest_opened_img": "images/hp_gray.png"
          },
          {
            "name": "Behind Three Eyes",
            "item_count": 1,
            "access_rules": [
              "$skyview_acc,$skyview_first,beetle,skyviewsk:1,ps",
              "$skyview_acc,$skyview_first,beetle,[skyviewsk:1],ps,t_bit",
              "{op_gs}"
            ],
            "visibility_rules": [
              "op_faron,op_dung,$notrace",
              "sv_r"
            ],
            "capture_item": true,
          },
          {
            "name": "Near Boss Door",
            "item_count": 1,
            "access_rules": [
              "$skyview_acc,$skyview_first,skyviewsk:2,gs,op_hero",
              "$skyview_acc,$skyview_first,skyviewsk:2,hook",
              "$skyview_acc,$skyview_first,skyviewsk:2,bow",
              "$skyview_acc,$skyview_first,skyviewsk:2,ts",
              "$skyview_acc,$skyview_first,[skyviewsk:2],gs,op_hero,t_bit",
              "$skyview_acc,$skyview_first,[skyviewsk:2],hook,t_bit",
              "$skyview_acc,$skyview_first,[skyviewsk:2],bow,t_bit",
              "$skyview_acc,$skyview_first,[skyviewsk:2],ts,t_bit"
            ],
            "visibility_rules": [
              "op_faron,op_dung,$notrace",
              "sv_r"
            ],
            "chest_unopened_img": "images/chestw.png",
            "chest_opened_img": "images/chestw_gray.png"
          },
          {
            "name": "Boss Key Chest",
            "item_count": 1,
            "access_rules": [
              "$skyview_acc,$skyview_first,skyviewsk:2,gs,op_hero",
              "$skyview_acc,$skyview_first,skyviewsk:2,hook",
              "$skyview_acc,$skyview_first,skyviewsk:2,bow",
              "$skyview_acc,$skyview_first,skyviewsk:2,ts",
              "$skyview_acc,$skyview_first,[skyviewsk:2],gs,op_hero,t_bit",
              "$skyview_acc,$skyview_first,[skyviewsk:2],hook,t_bit",
              "$skyview_acc,$skyview_first,[skyviewsk:2],bow,t_bit",
              "$skyview_acc,$skyview_first,[skyviewsk:2],ts,t_bit"
            ],
            "visibility_rules": [
              "op_faron,op_dung,$notrace",
              "sv_r"
            ],
            "chest_unopened_img": "images/chestbk.png",
            "chest_opened_img": "images/chestbk_gray.png"
          },
          {
            "name": "Skyview Heart Container",
            "item_count": 1,
            "access_rules": [
              "$skyview_acc,$skyview_first,skyviewbk,skyviewsk:2,gs,op_hero",
              "$skyview_acc,$skyview_first,skyviewbk,skyviewsk:2,hook,ps",
              "$skyview_acc,$skyview_first,skyviewbk,skyviewsk:2,bow,ps",
              "$skyview_acc,$skyview_first,skyviewbk,skyviewsk:2,ts",
              "$skyview_acc,$skyview_first,skyviewbk,[skyviewsk:2],gs,op_hero,t_bit",
              "$skyview_acc,$skyview_first,skyviewbk,[skyviewsk:2],hook,t_bit",
              "$skyview_acc,$skyview_first,skyviewbk,[skyviewsk:2],bow,t_bit",
              "$skyview_acc,$skyview_first,skyviewbk,[skyviewsk:2],ts,t_bit"
            ],
            "visibility_rules": [
              "op_faron,op_dung,$notrace",
              "sv_r"
            ],
            "chest_unopened_img": "images/hc.png",
            "chest_opened_img": "images/hc_gray.png"
          },
          {
            "name": "Ruby Tablet",
            "item_count": 1,
            "access_rules": [
              "$skyview_acc,$skyview_first,skyviewbk,skyviewsk:2,gs,op_hero",
              "$skyview_acc,$skyview_first,skyviewbk,skyviewsk:2,gs,hb",
              "$skyview_acc,$skyview_first,skyviewbk,skyviewsk:2,gs,bow",
              "$skyview_acc,$skyview_first,skyviewbk,skyviewsk:2,ts",
              "$skyview_acc,$skyview_first,skyviewbk,[skyviewsk:2],gs,op_hero,t_bit",
              "$skyview_acc,$skyview_first,skyviewbk,[skyviewsk:2],gs,hb,t_bit",
              "$skyview_acc,$skyview_first,skyviewbk,[skyviewsk:2],gs,bow,t_bit",
              "$skyview_acc,$skyview_first,skyviewbk,[skyviewsk:2],ts,t_bit"
            ],
            "visibility_rules": [
              "op_faron,op_dung,$notrace",
              "sv_r"
            ],
            "chest_unopened_img": "images/tab_rb.png",
            "chest_opened_img": "images/tab_rb_gray.png"
          },
          {
            "name": "Cube: Skyview Spring",
            "hosted_item": "cube_SVS",
            "access_rules": [
              "$cube_svs"
            ],
            "visibility_rules": [
              "op_sky,op_cube,op_cube_fw,op_dung,$notrace",
              "op_sky,op_cube,op_cube_fw,op_dung,sv_r"
            ]
          }
        ],
        "map_locations": [
          {
            "map": "overworld",
            "size": 15,
            "x": 390,
            "y": 110
          }
        ]
      },
      {
        "name": "Deep Woods Dungeon",
        "color": "#006400",
        "sections": [
          {
            "name": "Check Skyview Entrance",
            "item_count": 1,
            "access_rules": [
              "$ent_dw"
            ],
            "visibility_rules": [
              "$dungshuf"
            ],
            "chest_unopened_img": "images/ent_dw.png",
            "chest_opened_img": "images/ent_dw_gray.png"
          }
        ],
        "map_locations": [
          {
            "map": "overworld",
            "size": 8,
            "x": 400,
            "y": 105
          }
        ]
      },
      {
        "name": "Earth Temple",
        "color": "#dc143c",
        "sections": [
          {
            "name": "First Chest",
            "item_count": 1,
            "access_rules": [
              "$earth_acc,mitts"
            ],
            "visibility_rules": [
              "op_eldin,op_dung,$notrace",
              "et_r"
            ],
            "chest_unopened_img": "images/chestw.png",
            "chest_opened_img": "images/chestw_gray.png"
          },
          {
            "name": "Boulder Room",
            "item_count": 2,
            "access_rules": [
              "$earth_acc,$earth_bridge"
            ],
            "visibility_rules": [
              "op_eldin,op_dung,$notrace",
              "et_r"
            ]
          },
          {
            "name": "Bomb Bag",
            "item_count": 1,
            "access_rules": [
              "$earth_acc,$earth_bridge,$lizalfos"
            ],
            "visibility_rules": [
              "op_eldin,op_dung,$notrace",
              "et_r"
            ]
          },
          {
            "name": "Ledd Bombs",
            "item_count": 1,
            "access_rules": [
              "$earth_acc,$earth_bridge,$lizalfos"
            ],
            "visibility_rules": [
              "op_eldin,op_dung,$notrace",
              "et_r"
            ],
            "chest_unopened_img": "images/bombs.png",
            "chest_opened_img": "images/bombs_gray.png"
          },
          {
            "name": "Map Chest",
            "item_count": 1,
            "access_rules": [
              "$earth_acc,$earth_bridge,bombs",
              "$earth_acc,$earth_bridge,hook"
            ],
            "visibility_rules": [
              "op_eldin,op_dung,$notrace",
              "et_r"
            ]
          },
          {
            "name": "Lizalfos Chest",
            "item_count": 1,
            "access_rules": [
              "$earth_acc,$earth_bridge,hook",
              "$earth_acc,$earth_bridge,bombs,beetle",
              "$earth_acc,$earth_bridge,[hook],t_bit"
            ],
            "visibility_rules": [
              "op_eldin,op_dung,$notrace",
              "et_r"
            ],
            "chest_unopened_img": "images/chestw.png",
            "chest_opened_img": "images/chestw_gray.png"
          },
          {
            "name": "Boss Key Chest",
            "item_count": 1,
            "access_rules": [
              "$earth_acc,$earth_bridge,hook",
              "$earth_acc,$earth_bridge,bombs,beetle,mitts",
              "$earth_acc,$earth_bridge,[hook],t_bit",
              "$earth_acc,$earth_bridge,[hook],t_etstut"
            ],
            "visibility_rules": [
              "op_eldin,op_dung,$notrace",
              "et_r"
            ],
            "chest_unopened_img": "images/chestbk.png",
            "chest_opened_img": "images/chestbk_gray.png"
          },
          {
            "name": "Earth Heart Container",
            "item_count": 1,
            "access_rules": [
              "$earth_acc,bombs,hook,earthbk,ps",
              "$earth_acc,bombs,beetle,mitts,earthbk,ps",
              "$earth_acc,[bombs],hook,earthbk,$strike,t_scal",
              "$earth_acc,[bombs],beetle,mitts,earthbk,$strike,t_scal",
              "$earth_acc,[bombs],[hook],earthbk,$strike,t_etstut,t_scal"
            ],
            "visibility_rules": [
              "op_eldin,op_dung,$notrace",
              "et_r"
            ],
            "chest_unopened_img": "images/hc.png",
            "chest_opened_img": "images/hc_gray.png"
          },
          {
            "name": "Amber Tablet",
            "item_count": 1,
            "access_rules": [
              "$earth_acc,bombs,hook,earthbk,ps",
              "$earth_acc,bombs,beetle,mitts,earthbk,gs",
              "$earth_acc,[bombs],hook,earthbk,gs,t_scal",
              "$earth_acc,[bombs],[beetle],[mitts],earthbk,gs,t_etstut,t_scal",
              "$earth_acc,[bombs],beetle,mitts,earthbk,gs,t_scal"
            ],
            "visibility_rules": [
              "op_eldin,op_dung,$notrace",
              "et_r"
            ],
            "chest_unopened_img": "images/tab_am.png",
            "chest_opened_img": "images/tab_am_gray.png"
          }
        ],
        "map_locations": [
          {
            "map": "overworld",
            "size": 15,
            "x": 255,
            "y": 60
          }
        ]
      },
      {
        "name": "Eldin Volcano Dungeon",
        "color": "#dc143c",
        "sections": [
          {
            "name": "Check ET Entrance",
            "item_count": 1,
            "access_rules": [
              "$ent_ev"
            ],
            "visibility_rules": [
              "$dungshuf"
            ],
            "chest_unopened_img": "images/ent_ev.png",
            "chest_opened_img": "images/ent_ev_gray.png"
          }
        ],
        "map_locations": [
          {
            "map": "overworld",
            "size": 8,
            "x": 265,
            "y": 55
          }
        ]
      },
      {
        "name": "Lanayru Mining Facility",
        "color": "#cd853f",
        "sections": [
          {
            "name": "Behind Bars",
            "item_count": 1,
            "access_rules": [
              "$mine_acc"
            ],
            "visibility_rules": [
              "op_lanayru,op_dung,$notrace",
              "lmf_r"
            ],
            "chest_unopened_img": "images/chestw.png",
            "chest_opened_img": "images/chestw_gray.png"
          },
          {
            "name": "First Hub Chest",
            "item_count": 1,
            "access_rules": [
              "$mine_acc,hook",
              "$mine_acc,[hook],bombs,whip"
            ],
            "visibility_rules": [
              "op_lanayru,op_dung,$notrace",
              "lmf_r"
            ]
          },
          {
            "name": "Chest Behind Locked Door",
            "item_count": 1,
            "access_rules": [
              "$mine_acc,minesk:1,hook",
              "$mine_acc,minesk:1,[hook],bombs,whip"
            ],
            "visibility_rules": [
              "op_lanayru,op_dung,$notrace",
              "lmf_r"
            ],
            "chest_unopened_img": "images/chestw.png",
            "chest_opened_img": "images/chestw_gray.png"
          },
          {
            "name": "Bellows Room Chests",
            "item_count": 2,
            "access_rules": [
              "$mine_acc,minesk:1,hook",
              "$mine_acc,minesk:1,[hook],bombs,whip",
              "$mine_acc,[minesk:1],hook,t_bit",
              "$mine_acc,[minesk:1],[hook],bombs,whip,t_bit"
            ],
            "visibility_rules": [
              "op_lanayru,op_dung,$notrace",
              "lmf_r"
            ]
          },
          {
            "name": "First West Room",
            "item_count": 1,
            "access_rules": [
              "$mine_acc,hook,bellows",
              "$mine_acc,[hook],whip,bellows"
            ],
            "visibility_rules": [
              "op_lanayru,op_dung,$notrace",
              "lmf_r"
            ]
          },
          {
            "name": "Map Chest",
            "item_count": 1,
            "access_rules": [
              "$mine_acc,hook,bellows,ps,$mine_crystal",
              "$mine_acc,[hook],whip,bellows,ps,$mine_crystal",
              "$mine_acc,hook,[bellows],ps,$mine_crystal,t_bit",
              "$mine_acc,[hook],whip,[bellows],ps,$mine_crystal,t_bit"
            ],
            "visibility_rules": [
              "op_lanayru,op_dung,$notrace",
              "lmf_r"
            ]
          },
          {
            "name": "First Crawlspace",
            "item_count": 1,
            "access_rules": [
              "$mine_acc,hook,bellows,ps,$mine_crystal",
              "$mine_acc,[hook],whip,bellows,ps,$mine_crystal"
            ],
            "visibility_rules": [
              "op_lanayru,op_dung,$notrace",
              "lmf_r"
            ]
          },
          {
            "name": "Dust Maze Chest",
            "item_count": 1,
            "access_rules": [
              "$mine_acc,hook,bellows,ps,$mine_crystal",
              "$mine_acc,[hook],whip,bellows,ps,$mine_crystal"
            ],
            "visibility_rules": [
              "op_lanayru,op_dung,$notrace",
              "lmf_r"
            ],
            "chest_unopened_img": "images/chestw.png",
            "chest_opened_img": "images/chestw_gray.png"
          },
          {
            "name": "Boss Key Chest",
            "item_count": 1,
            "access_rules": [
              "$mine_acc,hook,bellows,bombs,ps,$mine_crystal",
              "$mine_acc,[hook],whip,bellows,bombs,ps,$mine_crystal",
              "{op_gs}"
            ],
            "visibility_rules": [
              "op_lanayru,op_dung,$notrace",
              "lmf_r"
            ],
            "chest_unopened_img": "images/chestbk.png",
            "chest_opened_img": "images/chestbk_gray.png"
          },
          {
            "name": "Chest After Boss Key Chest",
            "item_count": 1,
            "access_rules": [
              "$mine_acc,hook,bellows,bombs,ps,$mine_crystal",
              "$mine_acc,[hook],whip,bellows,bombs,ps,$mine_crystal"
            ],
            "visibility_rules": [
              "op_lanayru,op_dung,$notrace",
              "lmf_r"
            ],
            "chest_unopened_img": "images/chestw.png",
            "chest_opened_img": "images/chestw_gray.png"
          },
          {
            "name": "Facility Heart Container",
            "item_count": 1,
            "access_rules": [
              "$mine_acc,hook,bellows,minebk,ps,$mine_crystal",
              "$mine_acc,[hook],whip,bellows,minebk,ps,$mine_crystal",
              "$mine_acc,hook,bellows,minebk,ps,$mine_crystal,t_bit",
              "$mine_acc,[hook],whip,[bellows],minebk,ps,$mine_crystal,t_bit"
            ],
            "visibility_rules": [
              "op_lanayru,op_dung,$notrace",
              "lmf_r"
            ],
            "chest_unopened_img": "images/hc.png",
            "chest_opened_img": "images/hc_gray.png"
          },
          {
            "name": "Goddess Harp",
            "item_count": 1,
            "access_rules": [
              "$mine_acc,hook,[bellows],minebk,ps,$mine_crystal",
              "$mine_acc,[hook],whip,[bellows],minebk,ps,$mine_crystal",
              "$mine_acc,hook,bellows,minebk,ps,$mine_crystal,t_bit",
              "$mine_acc,[hook],whip,[bellows],minebk,ps,$mine_crystal,t_bit"
            ],
            "visibility_rules": [
              "op_lanayru,op_dung,$notrace",
              "lmf_r"
            ],
            "chest_unopened_img": "images/harp.png",
            "chest_opened_img": "images/harp_gray.png"
          }
        ],
        "map_locations": [
          {
            "map": "overworld",
            "size": 15,
            "x": 170,
            "y": 140
          }
        ]
      },
      {
        "name": "Lanayru Desert Dungeon",
        "color": "#cd853f",
        "sections": [
          {
            "name": "Check LMF Entrance",
            "item_count": 1,
            "access_rules": [
              "$ent_ld"
            ],
            "visibility_rules": [
              "$dungshuf"
            ],
            "chest_unopened_img": "images/ent_ld.png",
            "chest_opened_img": "images/ent_ld_gray.png"
          }
        ],
        "map_locations": [
          {
            "map": "overworld",
            "size": 8,
            "x": 180,
            "y": 135
          }
        ]
      },
      {
        "name": "Ancient Cistern",
        "color": "#c71585",
        "sections": [
          {
            "name": "Small Key Chest",
            "item_count": 1,
            "access_rules": [
              "$cistern_acc,wds,ps"
            ],
            "visibility_rules": [
              "op_faron,op_dung,$notrace",
              "ac_r"
            ]
          },
          {
            "name": "Whip",
            "item_count": 1,
            "access_rules": [
              "$cistern_acc,cisternsk:1,[cisternsk:2],ps",
              "$cistern_acc,cisternsk:1,[cisternsk:2],$cistern_statue",
              "$cistern_acc,[cisternsk:2],[ps],wds,t_cc"
            ],
            "visibility_rules": [
              "op_faron,op_dung,$notrace",
              "ac_r"
            ]
          },
          {
            "name": "Map Chest",
            "item_count": 1,
            "access_rules": [
              "$cistern_acc,whip"
            ],
            "visibility_rules": [
              "op_faron,op_dung,$notrace",
              "ac_r"
            ]
          },
          {
            "name": "Vines Chest",
            "item_count": 1,
            "access_rules": [
              "$cistern_acc,$cistern_statue"
            ],
            "visibility_rules": [
              "op_faron,op_dung,$notrace",
              "ac_r"
            ],
            "chest_unopened_img": "images/chestw.png",
            "chest_opened_img": "images/chestw_gray.png"
          },
          {
            "name": "Behind Waterfall",
            "item_count": 1,
            "access_rules": [
              "$cistern_acc,wds,whip"
            ],
            "visibility_rules": [
              "op_faron,op_dung,$notrace",
              "ac_r"
            ],
            "chest_unopened_img": "images/chestw.png",
            "chest_opened_img": "images/chestw_gray.png"
          },
          {
            "name": "Bokoblin",
            "item_count": 1,
            "access_rules": [
              "$cistern_acc,wds,whip,bow",
              "$cistern_acc,wds,whip,beetle"
            ],
            "visibility_rules": [
              "op_faron,op_dung,$notrace",
              "ac_r"
            ],
            "chest_unopened_img": "images/smallkey.png",
            "chest_opened_img": "images/smallkey_gray.png"
          },
          {
            "name": "Boss Key Chest",
            "item_count": 1,
            "access_rules": [
              "$cistern_acc,$cistern_statue,cs",
              "$cistern_acc,$cistern_statue,hook",
              "$cistern_acc,$cistern_statue,[hook],t_cc"
            ],
            "visibility_rules": [
              "op_faron,op_dung,$notrace",
              "ac_r"
            ],
            "chest_unopened_img": "images/chestbk.png",
            "chest_opened_img": "images/chestbk_gray.png"
          },
          {
            "name": "Cistern Heart Container",
            "item_count": 1,
            "access_rules": [
              "$cistern_acc,whip,cisternbk,cs,$koloktos",
              "$cistern_acc,whip,cisternbk,cisternsk:1,[cisternsk:2],$koloktos",
              "$cistern_acc,whip,[cisternbk],cs,$koloktos,t_bit",
              "$cistern_acc,whip,[cisternbk],cisternsk:1,[cisternsk:2],$koloktos,t_bit"
            ],
            "visibility_rules": [
              "op_faron,op_dung,$notrace",
              "ac_r"
            ],
            "chest_unopened_img": "images/hc.png",
            "chest_opened_img": "images/hc_gray.png"
          },
          {
            "name": "Farore's Flame",
            "item_count": 1,
            "access_rules": [
              "$cistern_acc,whip,cisternbk,cs,gs",
              "$cistern_acc,whip,cisternbk,cisternsk:1,[cisternsk:2],gs",
              "$cistern_acc,whip,[cisternbk],cs,gs,t_bit",
              "$cistern_acc,whip,[cisternbk],cisternsk:1,[cisternsk:2],gs,t_bit"
            ],
            "visibility_rules": [
              "op_faron,op_dung,$notrace",
              "ac_r"
            ],
            "chest_unopened_img": "images/sword_long_.png",
            "chest_opened_img": "images/sword_long__gray.png"
          }
        ],
        "map_locations": [
          {
            "map": "overworld",
            "size": 15,
            "x": 350,
            "y": 220
          }
        ]
      },
      {
        "name": "Lake Floria Dungeon",
        "color": "#c71585",
        "sections": [
          {
            "name": "Check Cistern Entrance",
            "item_count": 1,
            "access_rules": [
              "$ent_lf"
            ],
            "visibility_rules": [
              "$dungshuf"
            ],
            "chest_unopened_img": "images/ent_lf.png",
            "chest_opened_img": "images/ent_lf_gray.png"
          }
        ],
        "map_locations": [
          {
            "map": "overworld",
            "size": 8,
            "x": 360,
            "y": 215
          }
        ]
      },
      {
        "name": "Sandship",
        "color": "#f4a460",
        "sections": [
          {
            "name": "Behind Combination Lock",
            "item_count": 1,
            "access_rules": [
              "$sandship_acc,ps,[bombs],[bellows]",
              "$sandship_acc,ps,[sling],[bellows]",
              "$sandship_acc,ps,[bow]",
              "$sandship_acc,ps,[gs],[bellows]"
            ],
            "visibility_rules": [
              "op_lanayru,op_dung,$notrace",
              "ss_r"
            ]
          },
          {
            "name": "Bow",
            "item_count": 1,
            "access_rules": [
              "$sandship_acc,shipsk:1,[shipsk:2],ps",
              "{op_gs}"
            ],
            "visibility_rules": [
              "op_lanayru,op_dung,$notrace",
              "ss_r"
            ],
            "capture_item": true,
          },
          {
            "name": "Heart Piece Chest",
            "item_count": 1,
            "access_rules": [
              "$sandship_acc,bow,[cs]"
            ],
            "visibility_rules": [
              "op_lanayru,op_dung,$notrace",
              "ss_r"
            ]
          },
          {
            "name": "Map Chest",
            "item_count": 1,
            "access_rules": [
              "$sandship_acc,bow,ps",
              "$sandship_acc,bow,shipsk:1,[shipsk:2]"
            ],
            "visibility_rules": [
              "op_lanayru,op_dung,$notrace",
              "ss_r"
            ]
          },
          {
            "name": "Treasure Room",
            "item_count": 5,
            "access_rules": [
              "$sandship_acc,bow,whip,ps"
            ],
            "visibility_rules": [
              "op_lanayru,op_dung,$notrace",
              "ss_r"
            ]
          },
          {
            "name": "Brig Robot",
            "item_count": 1,
            "access_rules": [
              "$sandship_acc,bow,whip,ps"
            ],
            "visibility_rules": [
              "op_lanayru,op_dung,$notrace",
              "ss_r"
            ],
            "chest_unopened_img": "images/smallkey.png",
            "chest_opened_img": "images/smallkey_gray.png"
          },
          {
            "name": "Boss Key Chest",
            "item_count": 1,
            "access_rules": [
              "$sandship_acc,bow,shipsk:1,[shipsk:2]",
              "{op_gs}"
            ],
            "visibility_rules": [
              "op_lanayru,op_dung,$notrace",
              "ss_r"
            ],
            "capture_item": true,
            "chest_unopened_img": "images/chestbk.png",
            "chest_opened_img": "images/chestbk_gray.png"
          },
          {
            "name": "Sandship Heart Container",
            "item_count": 1,
            "access_rules": [
              "$sandship_acc,bow,shipbk,ps",
              "$sandship_acc,bow,shipbk,shipsk:2",
              "$sandship_acc,bow,[skipbk],ps,t_bit"
            ],
            "visibility_rules": [
              "op_lanayru,op_dung,$notrace",
              "ss_r"
            ],
            "chest_unopened_img": "images/hc.png",
            "chest_opened_img": "images/hc_gray.png"
          },
          {
            "name": "Nayru's Flame",
            "item_count": 1,
            "access_rules": [
              "$sandship_acc,bow,shipbk,gs",
              "$sandship_acc,[bow],shipbk,gs,t_bit"
            ],
            "visibility_rules": [
              "op_lanayru,op_dung,$notrace",
              "ss_r"
            ],
            "chest_unopened_img": "images/sword_white_.png",
            "chest_opened_img": "images/sword_white__gray.png"
          }
        ],
        "map_locations": [
          {
            "map": "overworld",
            "size": 15,
            "x": 60,
            "y": 170
          }
        ]
      },
      {
        "name": "Sand Sea Dungeon",
        "color": "#f4a460",
        "sections": [
          {
            "name": "Check Sandship Entrance",
            "item_count": 1,
            "access_rules": [
              "$ent_ss"
            ],
            "visibility_rules": [
              "$dungshuf"
            ],
            "chest_unopened_img": "images/ent_ss.png",
            "chest_opened_img": "images/ent_ss_gray.png"
          }
        ],
        "map_locations": [
          {
            "map": "overworld",
            "size": 8,
            "x": 70,
            "y": 165
          }
        ]
      },
      {
        "name": "Fire Sanctuary",
        "color": "#cd5c5c",
        "sections": [
          {
            "name": "First Room",
            "item_count": 1,
            "access_rules": [
              "$sanc_acc,$sanc_pods,$bokoblin"
            ],
            "visibility_rules": [
              "op_eldin,op_dung,$notrace",
              "fs_r"
            ]
          },
          {
            "name": "After Outside Section",
            "item_count": 1,
            "access_rules": [
              "$sanc_acc,$sanc_pods,sancsk:1,$bokoblin"
            ],
            "visibility_rules": [
              "op_eldin,op_dung,$notrace",
              "fs_r"
            ],
            "chest_unopened_img": "images/chestw.png",
            "chest_opened_img": "images/chestw_gray.png"
          },
          {
            "name": "Second Small Key",
            "item_count": 1,
            "access_rules": [
              "$sanc_acc,hook,bellows,sancsk:1,$lizalfos",
              "$sanc_acc,hook,cs,sancsk:1,$lizalfos"
            ],
            "visibility_rules": [
              "op_eldin,op_dung,$notrace",
              "fs_r"
            ]
          },
          {
            "name": "Water Pod Room",
            "item_count": 2,
            "access_rules": [
              "$sanc_acc,hook,sancsk:2,$lizalfos"
            ],
            "visibility_rules": [
              "op_eldin,op_dung,$notrace",
              "fs_r"
            ]
          },
          {
            "name": "Mogma Mitts",
            "item_count": 1,
            "access_rules": [
              "$sanc_acc,hook,sancsk:2,ps"
            ],
            "visibility_rules": [
              "op_eldin,op_dung,$notrace",
              "fs_r"
            ]
          },
          {
            "name": "Sanc Bottle",
            "item_count": 1,
            "access_rules": [
              "$sanc_acc,$sanc_pods,sancsk:1,mogma,ps",
              "$sanc_acc,[$sanc_pods],[sancsk:1],[mogma],ps,t_bit"
            ],
            "visibility_rules": [
              "op_eldin,op_dung,$notrace",
              "fs_r"
            ]
          },
          {
            "name": "Map Chest",
            "item_count": 1,
            "access_rules": [
              "$sanc_acc,hook,cs,sancsk:2,mogma,bellows,ps",
              "$sanc_acc,$sanc_pods,[hook],[cs],[sancsk:2],[mogma],[bellows],ps,t_bit"
            ],
            "visibility_rules": [
              "op_eldin,op_dung,$notrace",
              "fs_r"
            ]
          },
          {
            "name": "Third Small Key",
            "item_count": 1,
            "access_rules": [
              "$sanc_acc,hook,cs,sancsk:2,mogma,bellows,bombs,ps",
              "$sanc_acc,$sanc_pods,[hook],[cs],[sancsk:2],mogma,[bellows],bombs,ps,t_bit",
              "{op_gs}"
            ],
            "visibility_rules": [
              "op_eldin,op_dung,$notrace",
              "fs_r"
            ],
            "capture_item": true
          },
          {
            "name": "Plats Chest",
            "item_count": 1,
            "access_rules": [
              "$sanc_acc,hook,sancsk:3,mogma,ps",
              "$sanc_acc,$sanc_pods,[hook],[sancsk:3],[mogma],[ps],t_bit"
            ],
            "visibility_rules": [
              "op_eldin,op_dung,$notrace",
              "fs_r"
            ]
          },
          {
            "name": "Staircase Room",
            "item_count": 1,
            "access_rules": [
              "$sanc_acc,hook,cs,sancsk:3,mogma,ps",
              "$sanc_acc,[hook],cs,[sancsk:3],[mogma],[ps],$lizalfos,t_bit"
            ],
            "visibility_rules": [
              "op_eldin,op_dung,$notrace",
              "fs_r"
            ]
          },
          {
            "name": "Boss Key Chest",
            "item_count": 1,
            "access_rules": [
              "$sanc_acc,hook,cs,sancsk:3,mogma,ps",
              "$sanc_acc,$sanc_pods,[hook],[cs],[sancsk:3],[mogma],[ps],t_bit"
            ],
            "visibility_rules": [
              "op_eldin,op_dung,$notrace",
              "fs_r"
            ],
            "chest_unopened_img": "images/chestbk.png",
            "chest_opened_img": "images/chestbk_gray.png"
          },
          {
            "name": "Sanctuary Heart Container",
            "item_count": 1,
            "access_rules": [
              "$sanc_acc,hook,sancsk:3,mogma,sancbk,ps",
              "$sanc_acc,$sanc_pods,[hook],[sancsk:3],[mogma],sancbk,ps,t_bit"
            ],
            "visibility_rules": [
              "op_eldin,op_dung,$notrace",
              "fs_r"
            ],
            "chest_unopened_img": "images/hc.png",
            "chest_opened_img": "images/hc_gray.png"
          },
          {
            "name": "Din's Flame",
            "item_count": 1,
            "access_rules": [
              "$sanc_acc,hook,sancsk:3,mogma,sancbk,gs",
              "$sanc_acc,$sanc_pods,[hook],[sancsk:3],[mogma],sancbk,gs,t_bit"
            ],
            "visibility_rules": [
              "op_eldin,op_dung,$notrace",
              "fs_r"
            ],
            "chest_unopened_img": "images/sword_master_.png",
            "chest_opened_img": "images/sword_master__gray.png"
          }
        ],
        "map_locations": [
          {
            "map": "overworld",
            "size": 15,
            "x": 325,
            "y": 35
          }
        ]
      },
      {
        "name": "Volcano Summit Dungeon",
        "color": "#cd5c5c",
        "sections": [
          {
            "name": "Check Sanctuary Entrance",
            "item_count": 1,
            "access_rules": [
              "$ent_vs"
            ],
            "visibility_rules": [
              "$dungshuf"
            ],
            "chest_unopened_img": "images/ent_vs.png",
            "chest_opened_img": "images/ent_vs_gray.png"
          }
        ],
        "map_locations": [
          {
            "map": "overworld",
            "size": 8,
            "x": 335,
            "y": 30
          }
        ]
      },
      {
        "name": "Skykeep",
        "color": "#00008b",
        "sections": [
          {
            "name": "Map Chest",
            "item_count": 1,
            "access_rules": [
              "$skykeep_acc"
            ],
            "visibility_rules": [
              "sk_r",
              "op_sky,op_dung,$notrace"
            ]
          },
          {
            "name": "Small Key Chest",
            "item_count": 1,
            "access_rules": [
              "$skykeep_acc,bellows,whip,bow,cs,ps"
            ],
            "visibility_rules": [
              "sk_r",
              "op_sky,op_dung,$notrace"
            ]
          }
        ],
        "map_locations": [
          {
            "map": "sky",
            "size": 40,
            "x": 1000,
            "y": 600
          }
        ]
      },
      {
        "name": "Skyloft Dungeon",
        "color": "#00008b",
        "sections": [
          {
            "name": "Check Skykeep Entrance",
            "item_count": 1,
            "access_rules": [
              "$ent_sl"
            ],
            "visibility_rules": [
              "$dungshuf"
            ],
            "chest_unopened_img": "images/ent_sl.png",
            "chest_opened_img": "images/ent_sl_gray.png"
          }
        ],
        "map_locations": [
          {
            "map": "sky",
            "size": 25,
            "x": 1025,
            "y": 590
          }
        ]
      },
      {
        "name": "Sealed Grounds",
        "access_rules": [
          "$demise"
        ],
        "color": "#800080",
        "sections": [
          {
            "name": "Defeat Demise",
            "hosted_item": "demise"
          }
        ],
        "map_locations": [
          {
            "map": "overworld",
            "size": 17,
            "x": 265,
            "y": 200
          }
        ]
      }
    ]
  }
]
